{"type":"FeatureCollection","features":[{"type":"Feature","properties":{"name":"Germany","ISO3166-1-Alpha-3":"DEU","ISO3166-1-Alpha-2":"DE"},"geometry":{"type":"MultiPolygon","coordinates":[[[[13.815725,48.76643],[13.785856,48.724779],[13.783582,48.71527],[13.78875,48.716511],[13.799395,48.70261],[13.804356,48.699561],[13.816862,48.695582],[13.803529,48.687159],[13.800945,48.675221],[13.806216,48.642923],[13.805493,48.626129],[13.802392,48.611711],[13.796191,48.598585],[13.779034,48.573935],[13.77428,48.569207],[13.766012,48.563755],[13.758054,48.561481],[13.73728,48.559259],[13.733869,48.559776],[13.725394,48.548381],[13.716506,48.521691],[13.714336,48.523215],[13.673356,48.535488],[13.65806,48.551094],[13.641834,48.559104],[13.624367,48.565357],[13.520704,48.584581],[13.487218,48.581584],[13.454558,48.573445],[13.445566,48.567915],[13.440089,48.560965],[13.440709,48.557347],[13.443706,48.552851],[13.447737,48.534816],[13.457039,48.525179],[13.459209,48.516394],[13.456418,48.506653],[13.442983,48.487713],[13.438228,48.478541],[13.436368,48.469239],[13.438228,48.440998],[13.436161,48.430585],[13.431717,48.423712],[13.42717,48.418544],[13.425206,48.413377],[13.419522,48.392164],[13.405569,48.376583],[13.307797,48.319636],[13.274207,48.307104],[13.136438,48.291059],[13.032775,48.263567],[13.016652,48.255893],[12.979445,48.232018],[12.947199,48.220004],[12.931696,48.211632],[12.93304,48.209255],[12.877642,48.202046],[12.862553,48.196646],[12.853458,48.18998],[12.835164,48.170704],[12.822142,48.160679],[12.782351,48.142024],[12.77832,48.138717],[12.764058,48.123756],[12.75796,48.121896],[12.751449,48.122103],[12.745041,48.12063],[12.738943,48.113447],[12.736979,48.099959],[12.742043,48.086782],[12.750932,48.074741],[12.760234,48.064871],[12.830617,48.015468],[12.845603,47.993144],[12.848246,47.982389],[12.8486,47.980948],[12.853975,47.970484],[12.862036,47.962552],[12.886014,47.952888],[12.906168,47.93891],[12.914229,47.93599],[12.931076,47.924879],[12.964976,47.871963],[12.986576,47.850259],[12.991227,47.847106],[12.926735,47.777395],[12.921257,47.76954],[12.919294,47.763184],[12.918984,47.756776],[12.917227,47.750161],[12.910819,47.743082],[12.910612,47.742927],[12.892009,47.723548],[12.908338,47.71236],[12.964045,47.705358],[12.979032,47.707089],[13.004353,47.714608],[13.019856,47.712929],[13.032258,47.706624],[13.044557,47.696573],[13.064091,47.67399],[13.072049,47.659469],[13.07484,47.646654],[13.07422,47.63451],[13.072049,47.622417],[13.069569,47.620247],[13.057683,47.600429],[13.057063,47.597664],[13.04094,47.58335],[13.038253,47.584022],[13.03908,47.561336],[13.04125,47.561904],[13.040113,47.560457],[13.030605,47.544257],[13.028124,47.541647],[13.028124,47.524232],[13.028951,47.518031],[13.031225,47.512553],[13.034429,47.507437],[13.037013,47.501365],[13.037323,47.493045],[13.008797,47.470101],[13.001873,47.466019],[12.991124,47.465683],[12.984923,47.468267],[12.979342,47.472246],[12.96973,47.475734],[12.959291,47.475527],[12.951023,47.472478],[12.942548,47.470489],[12.931593,47.473512],[12.882603,47.498575],[12.836921,47.532655],[12.828446,47.537255],[12.819041,47.539528],[12.803642,47.541337],[12.77894,47.554825],[12.773669,47.5795],[12.785865,47.602677],[12.81315,47.611824],[12.793307,47.624794],[12.767365,47.63637],[12.751655,47.649392],[12.761991,47.666859],[12.744834,47.66536],[12.688713,47.675127],[12.653057,47.675127],[12.6174,47.669339],[12.598383,47.66288],[12.563375,47.641761],[12.553838,47.636008],[12.538232,47.631331],[12.517148,47.628541],[12.49658,47.628903],[12.482524,47.633579],[12.452759,47.649754],[12.444697,47.656291],[12.43922,47.664482],[12.428781,47.685798],[12.42413,47.69156],[12.407697,47.693731],[12.368423,47.683551],[12.351473,47.68169],[12.293699,47.69001],[12.271891,47.687891],[12.249567,47.680011],[12.238715,47.6789],[12.228793,47.684868],[12.223315,47.695901],[12.226623,47.702878],[12.233031,47.708872],[12.236545,47.716778],[12.239128,47.72745],[12.242229,47.732023],[12.239749,47.731687],[12.225176,47.727372],[12.216494,47.723703],[12.192413,47.710164],[12.1766,47.705823],[12.178564,47.697658],[12.181768,47.692129],[12.189106,47.685566],[12.197271,47.680088],[12.202335,47.677789],[12.205125,47.672285],[12.206779,47.645568],[12.205745,47.636215],[12.202128,47.629833],[12.173603,47.60508],[12.165645,47.603969],[11.935891,47.610738],[11.851969,47.599163],[11.840703,47.594615],[11.830678,47.577614],[11.820343,47.575288],[11.764015,47.583117],[11.682573,47.58335],[11.638958,47.589241],[11.620458,47.589654],[11.617048,47.586761],[11.589142,47.570379],[11.582321,47.559785],[11.574466,47.536634],[11.569402,47.527384],[11.551212,47.51369],[11.529508,47.507851],[11.482585,47.50258],[11.459951,47.507437],[11.435353,47.509711],[11.412616,47.506094],[11.365487,47.469326],[11.377786,47.467052],[11.388638,47.46222],[11.392462,47.454779],[11.383884,47.444857],[11.367657,47.440129],[11.324249,47.439431],[11.305645,47.4354],[11.286318,47.423205],[11.273089,47.411112],[11.258827,47.400725],[11.237019,47.393956],[11.213041,47.395816],[11.215212,47.422998],[11.193818,47.428941],[11.168599,47.424264],[11.10328,47.393568],[11.083747,47.389512],[10.979464,47.390545],[10.965511,47.396075],[10.955279,47.409614],[10.957656,47.409717],[10.96086,47.414316],[10.963134,47.421241],[10.962824,47.427959],[10.959827,47.432506],[10.909907,47.46899],[10.858438,47.485165],[10.851616,47.493097],[10.883862,47.508006],[10.892234,47.514879],[10.86929,47.526583],[10.858644,47.530666],[10.844795,47.531312],[10.830636,47.528573],[10.790328,47.516067],[10.760769,47.513638],[10.752191,47.515395],[10.74723,47.52015],[10.743923,47.525317],[10.739892,47.52847],[10.60791,47.562266],[10.583726,47.562473],[10.569876,47.555936],[10.549619,47.536789],[10.536907,47.529865],[10.525125,47.52847],[10.482543,47.532862],[10.466937,47.53772],[10.458772,47.541647],[10.453501,47.546246],[10.451744,47.554825],[10.455465,47.561181],[10.460322,47.565987],[10.461563,47.569914],[10.457118,47.579242],[10.453604,47.581102],[10.445956,47.579061],[10.429213,47.57702],[10.414227,47.573015],[10.415674,47.564385],[10.424356,47.553352],[10.43097,47.542164],[10.42973,47.532914],[10.419601,47.493045],[10.433657,47.487852],[10.442236,47.481392],[10.44761,47.472581],[10.451744,47.460205],[10.451951,47.438759],[10.442856,47.41628],[10.428283,47.396049],[10.411643,47.381037],[10.403065,47.377109],[10.381981,47.372122],[10.371646,47.367394],[10.365651,47.361115],[10.34343,47.330756],[10.325447,47.314322],[10.305913,47.302178],[10.261161,47.283497],[10.239354,47.277735],[10.174951,47.272376],[10.159876,47.271121],[10.155431,47.272878],[10.159462,47.279131],[10.168661,47.290422],[10.172691,47.292308],[10.18592,47.294995],[10.190778,47.298251],[10.193259,47.304917],[10.192742,47.310912],[10.190468,47.317475],[10.208555,47.354475],[10.209278,47.372484],[10.190881,47.379228],[10.146956,47.373802],[10.135071,47.364888],[10.130833,47.362666],[10.125666,47.362692],[10.11533,47.366955],[10.11037,47.367394],[10.097244,47.363131],[10.089596,47.359281],[10.082878,47.359074],[10.073162,47.365482],[10.067788,47.375042],[10.066858,47.385791],[10.064171,47.396178],[10.053215,47.40486],[10.075953,47.416874],[10.080604,47.42739],[10.071819,47.439121],[10.022623,47.487955],[10.011254,47.484441],[10.002366,47.47917],[9.993581,47.476586],[9.982625,47.481031],[9.981075,47.48687],[9.980765,47.489919],[9.980765,47.492942],[9.97167,47.506404],[9.959164,47.514879],[9.948726,47.524232],[9.945935,47.540769],[9.933843,47.534206],[9.918753,47.53219],[9.888988,47.533792],[9.858912,47.541337],[9.853848,47.540407],[9.841549,47.535032],[9.833487,47.534619],[9.813127,47.54175],[9.809303,47.552318],[9.811266,47.564488],[9.807959,47.576322],[9.79628,47.584952],[9.782121,47.588414],[9.767135,47.587277],[9.752665,47.582058],[9.730858,47.564901],[9.718455,47.546711],[9.703986,47.531415],[9.676701,47.52263],[9.612622,47.521881],[9.554144,47.532743],[9.549887,47.533534],[9.547482,47.534547],[9.273211,47.65009],[9.234351,47.656162],[9.196937,47.656136],[9.183398,47.670425],[9.128104,47.670425],[9.016586,47.6789],[8.997673,47.673835],[8.981756,47.662156],[8.945376,47.654302],[8.906205,47.651795],[8.881711,47.656136],[8.852668,47.670786],[8.851935,47.671282],[8.837786,47.680838],[8.837682,47.687788],[8.856079,47.690682],[8.830241,47.707192],[8.797581,47.720034],[8.77071,47.720861],[8.761718,47.70125],[8.769883,47.695074],[8.71707,47.694558],[8.715106,47.701069],[8.712625,47.708691],[8.704667,47.715332],[8.70043,47.723496],[8.703737,47.730033],[8.71707,47.743547],[8.719757,47.747319],[8.713142,47.757422],[8.703324,47.758714],[8.692265,47.757164],[8.68193,47.75874],[8.674488,47.766698],[8.666633,47.778273],[8.657022,47.788118],[8.644102,47.791012],[8.635007,47.784604],[8.62984,47.762796],[8.617437,47.757319],[8.607619,47.762254],[8.604105,47.774398],[8.603175,47.787317],[8.601624,47.794603],[8.583124,47.800236],[8.558216,47.801166],[8.5423,47.795017],[8.551602,47.779255],[8.536512,47.774088],[8.482665,47.766853],[8.471503,47.76706],[8.463648,47.763907],[8.450109,47.750471],[8.445458,47.743185],[8.437913,47.723186],[8.427268,47.716468],[8.401947,47.707089],[8.392128,47.699519],[8.390991,47.692129],[8.395229,47.684817],[8.397709,47.67629],[8.391301,47.665464],[8.407011,47.661562],[8.411972,47.661045],[8.437603,47.647842],[8.458274,47.639884],[8.476051,47.640401],[8.49083,47.645568],[8.504679,47.65226],[8.519666,47.657351],[8.568241,47.662932],[8.582194,47.66133],[8.593589,47.658169],[8.598214,47.656885],[8.607309,47.656291],[8.601624,47.632598],[8.595113,47.63482],[8.594493,47.640969],[8.593563,47.642571],[8.589222,47.642468],[8.583951,47.641124],[8.580334,47.639005],[8.57806,47.633476],[8.579714,47.628929],[8.582091,47.625027],[8.582504,47.62159],[8.581264,47.614769],[8.581781,47.607664],[8.580644,47.600171],[8.576305,47.595023],[8.574133,47.592445],[8.560697,47.589396],[8.551719,47.596863],[8.549638,47.598594],[8.537752,47.612134],[8.522353,47.621901],[8.49238,47.619833],[8.461788,47.606139],[8.450109,47.589034],[8.448869,47.58428],[8.4211,47.581112],[8.41807,47.580766],[8.354094,47.581024],[8.316164,47.587846],[8.306345,47.592187],[8.299317,47.601824],[8.293943,47.611462],[8.288569,47.615803],[8.276993,47.61663],[8.251051,47.622004],[8.232965,47.621952],[8.179015,47.615803],[8.173847,47.613529],[8.168886,47.608646],[8.162065,47.603762],[8.143771,47.600067],[8.122067,47.592135],[8.113902,47.587846],[8.105427,47.581257],[8.101397,47.576193],[8.096952,47.571852],[8.087237,47.567382],[8.042279,47.560561],[7.912157,47.560561],[7.90947,47.564798],[7.907507,47.574177],[7.904303,47.583557],[7.898205,47.587846],[7.833713,47.590481],[7.819657,47.595339],[7.801467,47.576089],[7.78555,47.563196],[7.76674,47.555961],[7.72732,47.550423],[7.683438,47.544257],[7.661423,47.546246],[7.646901,47.551445],[7.609747,47.564746],[7.612337,47.564731],[7.635895,47.564591],[7.646541,47.571542],[7.659666,47.596579],[7.637032,47.594977],[7.586028,47.584619],[7.59011,47.594822],[7.592487,47.598414],[7.590317,47.607948],[7.585046,47.613167],[7.578638,47.61694],[7.572643,47.622004],[7.550112,47.652441],[7.536573,47.665205],[7.521794,47.670425],[7.517866,47.675024],[7.514662,47.685798],[7.511872,47.707322],[7.515386,47.713316],[7.531922,47.725202],[7.537813,47.731816],[7.53833,47.748146],[7.525928,47.783157],[7.528615,47.797032],[7.542878,47.829433],[7.548459,47.834239],[7.561998,47.839226],[7.564168,47.850414],[7.559001,47.869017],[7.559207,47.873461],[7.558381,47.875994],[7.557864,47.878526],[7.559001,47.882711],[7.561998,47.887052],[7.568613,47.891367],[7.572643,47.896302],[7.578948,47.906328],[7.580808,47.910798],[7.579568,47.92705],[7.584942,47.940408],[7.611607,47.959399],[7.621116,47.97144],[7.618945,48.002652],[7.575744,48.053709],[7.572643,48.094972],[7.578948,48.11448],[7.585666,48.129725],[7.5929,48.138665],[7.599722,48.144711],[7.604786,48.152566],[7.60675,48.166984],[7.613364,48.179205],[7.676616,48.2384],[7.687158,48.252921],[7.693463,48.269871],[7.69553,48.29018],[7.702454,48.311187],[7.718578,48.319997],[7.736974,48.326664],[7.75072,48.341366],[7.75196,48.355344],[7.746896,48.368677],[7.740385,48.381441],[7.737181,48.393481],[7.738318,48.406607],[7.745656,48.433014],[7.75072,48.444408],[7.757645,48.453891],[7.764156,48.460351],[7.76922,48.470066],[7.771287,48.489109],[7.776455,48.498178],[7.788444,48.506343],[7.813455,48.519468],[7.813455,48.526341],[7.801673,48.54758],[7.801777,48.582359],[7.810252,48.615018],[7.852419,48.658685],[7.864098,48.664162],[7.880635,48.667728],[7.895931,48.676513],[7.92332,48.698217],[7.935205,48.703333],[7.948434,48.71186],[7.959183,48.721368],[7.963627,48.729275],[7.964867,48.748343],[7.970138,48.757283],[7.981507,48.759764],[8.009619,48.760074],[8.017267,48.761831],[8.022952,48.765087],[8.025122,48.770616],[8.027293,48.780021],[8.031943,48.785344],[8.036594,48.788289],[8.038765,48.79077],[8.04755,48.791028],[8.08424,48.804051],[8.090338,48.807513],[8.10274,48.821311],[8.148112,48.903734],[8.179325,48.942698],[8.199892,48.95825],[8.200305,48.958563],[8.18873,48.965746],[8.090441,48.979182],[7.931898,49.034838],[7.913811,49.036181],[7.856864,49.032254],[7.773665,49.048118],[7.762606,49.046155],[7.739145,49.037731],[7.726949,49.035664],[7.717337,49.036595],[7.69615,49.041555],[7.685091,49.042796],[7.672482,49.041039],[7.660803,49.037731],[7.648814,49.035716],[7.644939,49.036294],[7.634965,49.037783],[7.625663,49.043002],[7.615948,49.055973],[7.60861,49.061968],[7.586389,49.069564],[7.542671,49.074577],[7.520863,49.083672],[7.507738,49.094576],[7.485103,49.118708],[7.471047,49.12832],[7.472804,49.131628],[7.475285,49.133901],[7.482726,49.137054],[7.476112,49.151523],[7.458025,49.155864],[7.414823,49.157776],[7.410483,49.168938],[7.391052,49.170023],[7.371634,49.166174],[7.367591,49.165372],[7.350951,49.159171],[7.3463,49.15421],[7.339066,49.139689],[7.334002,49.13416],[7.326457,49.131834],[7.305993,49.130129],[7.297105,49.128114],[7.2908,49.123101],[7.280258,49.108993],[7.274367,49.105014],[7.268062,49.105634],[7.241191,49.113902],[7.154994,49.114419],[7.139285,49.117933],[7.123575,49.123308],[7.085335,49.141549],[7.079857,49.142014],[7.070762,49.136123],[7.071589,49.130594],[7.074793,49.125375],[7.073242,49.12031],[7.042546,49.107598],[7.020532,49.118967],[7.008957,49.146407],[7.009474,49.181702],[6.987873,49.182425],[6.925448,49.205576],[6.914389,49.206662],[6.885243,49.204801],[6.843489,49.211054],[6.833464,49.209452],[6.827676,49.195551],[6.835221,49.179377],[6.839045,49.162788],[6.821785,49.147751],[6.809072,49.145839],[6.770108,49.155295],[6.725563,49.155554],[6.713781,49.158861],[6.700965,49.172865],[6.703756,49.185113],[6.70882,49.197773],[6.702516,49.213638],[6.698485,49.213586],[6.685049,49.207799],[6.680605,49.207489],[6.677918,49.211054],[6.675954,49.218909],[6.674817,49.221131],[6.671613,49.225317],[6.663758,49.243869],[6.659521,49.246763],[6.645671,49.250018],[6.640297,49.252757],[6.63916,49.256788],[6.641227,49.266916],[6.639677,49.271154],[6.573169,49.313115],[6.556426,49.326396],[6.550122,49.338023],[6.555599,49.34717],[6.573376,49.347738],[6.577717,49.3558],[6.574306,49.361794],[6.52573,49.395487],[6.518806,49.402154],[6.520769,49.402567],[6.520563,49.408148],[6.517876,49.416416],[6.511674,49.424736],[6.494518,49.435537],[6.402741,49.465457],[6.391682,49.466697],[6.383517,49.46463],[6.3645,49.456104],[6.353855,49.45476],[6.345307,49.455349],[6.34538,49.462718],[6.342279,49.493001],[6.348809,49.52529],[6.350754,49.53491],[6.350754,49.566588],[6.356438,49.577595],[6.371528,49.592995],[6.397573,49.613872],[6.407701,49.627411],[6.415246,49.634646],[6.417933,49.639142],[6.417003,49.645756],[6.410905,49.649632],[6.404498,49.652474],[6.402741,49.655782],[6.418243,49.669889],[6.491727,49.700792],[6.489764,49.702962],[6.482942,49.708078],[6.486353,49.712936],[6.491004,49.714434],[6.499686,49.712212],[6.492554,49.718413],[6.4878,49.725596],[6.485526,49.733761],[6.48625,49.742701],[6.495965,49.748231],[6.496378,49.752106],[6.493691,49.756551],[6.493794,49.76363],[6.498549,49.785386],[6.499996,49.786058],[6.500099,49.794481],[6.502269,49.795876],[6.502579,49.79567],[6.497205,49.799442],[6.493278,49.799597],[6.462478,49.805488],[6.414523,49.805488],[6.397056,49.808589],[6.380106,49.815565],[6.351374,49.83329],[6.334424,49.840215],[6.325639,49.84037],[6.310653,49.834479],[6.302592,49.834944],[6.301558,49.838303],[6.295568,49.848616],[6.291533,49.855563],[6.286779,49.86104],[6.272206,49.867138],[6.238306,49.876905],[6.2227,49.887137],[6.189834,49.938297],[6.172677,49.956228],[6.161928,49.942482],[6.15397,49.951216],[6.138777,49.979328],[6.121517,49.996278],[6.117177,50.004391],[6.119967,50.015501],[6.113766,50.036378],[6.107255,50.044595],[6.096403,50.048626],[6.105704,50.060305],[6.109425,50.06356],[6.107151,50.063767],[6.101157,50.063405],[6.0994,50.064129],[6.105704,50.092241],[6.110562,50.105987],[6.117487,50.120456],[6.126582,50.127329],[6.129476,50.134047],[6.125962,50.140196],[6.115833,50.145467],[6.118003,50.150377],[6.121311,50.16159],[6.123171,50.164898],[6.131749,50.168308],[6.151696,50.169342],[6.159138,50.172443],[6.165132,50.181899],[6.165752,50.193165],[6.160171,50.204534],[6.146839,50.214042],[6.157174,50.222724],[6.179808,50.233007],[6.189627,50.242722],[6.210401,50.249027],[6.253396,50.256778],[6.271792,50.267424],[6.267348,50.276416],[6.269415,50.286492],[6.27603,50.296104],[6.285952,50.303856],[6.299491,50.308868],[6.310653,50.308248],[6.322022,50.305406],[6.335458,50.303856],[6.362019,50.306956],[6.374525,50.315483],[6.3734,50.32308],[6.372458,50.329436],[6.337732,50.368089],[6.336388,50.379923],[6.343313,50.393308],[6.350444,50.416872],[6.351167,50.433564],[6.347343,50.436974],[6.340212,50.437853],[6.331634,50.446896],[6.326156,50.457025],[6.323262,50.466016],[6.325743,50.474026],[6.336905,50.481003],[6.318715,50.481674],[6.27541,50.48803],[6.260114,50.492681],[6.25784,50.494077],[6.255566,50.494593],[6.253086,50.494077],[6.250915,50.492681],[6.217119,50.486015],[6.207197,50.486325],[6.199239,50.490408],[6.19066,50.501828],[6.182599,50.506582],[6.190557,50.515212],[6.178878,50.515781],[6.170817,50.517951],[6.169473,50.522499],[6.177328,50.530198],[6.160688,50.543583],[6.179085,50.561979],[6.210608,50.578671],[6.232932,50.587146],[6.232932,50.590763],[6.244301,50.599548],[6.251329,50.608437],[6.249055,50.614431],[6.180015,50.615516],[6.159448,50.622389],[6.147769,50.636755],[6.161102,50.642181],[6.100227,50.701299],[6.081003,50.713495],[6.064363,50.714477],[6.024779,50.707552],[6.01155,50.708534],[6.007623,50.716905],[6.011343,50.727447],[6.010826,50.737059],[5.994187,50.742589],[5.99274,50.744449],[5.992636,50.746258],[5.993256,50.748066],[5.99491,50.749927],[5.997081,50.762949],[5.990569,50.769047],[5.980647,50.773439],[5.972999,50.781811],[5.968762,50.794627],[5.983955,50.792198],[5.998321,50.800725],[6.003592,50.81261],[6.001421,50.821809],[6.000491,50.830439],[6.009276,50.840464],[6.023022,50.845425],[6.045553,50.844184],[6.056715,50.852659],[6.062813,50.862943],[6.063123,50.870901],[6.054648,50.891468],[6.056508,50.898083],[6.061779,50.903509],[6.063743,50.90754],[6.031084,50.914723],[6.007519,50.924076],[5.999871,50.929399],[5.997287,50.937357],[5.99584,50.951775],[5.999664,50.960095],[6.005762,50.968518],[6.003695,50.973737],[5.967832,50.970998],[5.94158,50.976476],[5.927731,50.977665],[5.914192,50.975236],[5.88825,50.967123],[5.874607,50.965366],[5.873574,50.990584],[5.858174,51.019342],[5.85249,51.042751],[5.880498,51.052053],[5.894348,51.047144],[5.906233,51.037403],[5.919566,51.029703],[5.937963,51.030943],[5.950262,51.03947],[5.969485,51.06492],[5.982921,51.074687],[6.075422,51.120369],[6.132369,51.139825],[6.147252,51.152254],[6.126272,51.164578],[6.149113,51.176335],[6.157071,51.179254],[6.134126,51.184215],[6.08431,51.162692],[6.060849,51.170909],[6.053718,51.189383],[6.056612,51.211707],[6.06519,51.231629],[6.075422,51.242661],[6.096506,51.25881],[6.147769,51.318161],[6.158208,51.324594],[6.183632,51.335705],[6.193554,51.344516],[6.198929,51.35697],[6.202029,51.378881],[6.207817,51.387666],[6.192727,51.398957],[6.194071,51.417379],[6.201719,51.438644],[6.205337,51.458436],[6.200479,51.476575],[6.193348,51.509338],[6.15304,51.538431],[6.086481,51.595534],[6.08214,51.607807],[6.087514,51.622096],[6.099193,51.644472],[6.031497,51.662998],[6.008553,51.681188],[6.021989,51.709506],[6.012067,51.715863],[5.989742,51.726379],[5.97827,51.729789],[5.949228,51.729376],[5.939306,51.731882],[5.940133,51.742631],[5.946056,51.746288],[5.962354,51.756351],[5.964111,51.776556],[5.950778,51.795909],[5.928041,51.806736],[5.931451,51.81565],[5.948091,51.822962],[5.988916,51.827458],[6.008243,51.832574],[6.028913,51.842108],[6.043279,51.846862],[6.084,51.853658],[6.116453,51.848283],[6.140018,51.844537],[6.156141,51.842056],[6.142705,51.855182],[6.105394,51.87947],[6.092992,51.88531],[6.126995,51.89673],[6.159241,51.887299],[6.191384,51.87115],[6.22518,51.862546],[6.256393,51.866809],[6.264661,51.866189],[6.271792,51.8619],[6.282851,51.849601],[6.287399,51.846165],[6.325743,51.842547],[6.341969,51.836682],[6.344966,51.821102],[6.382483,51.827587],[6.386617,51.837561],[6.378453,51.860117],[6.442531,51.848361],[6.462892,51.848361],[6.479428,51.853012],[6.528624,51.876421],[6.628153,51.897505],[6.716675,51.899262],[6.743753,51.908331],[6.767008,51.925514],[6.789849,51.951145],[6.798014,51.956701],[6.805662,51.957527],[6.810726,51.960576],[6.811656,51.972798],[6.809176,51.979542],[6.804008,51.984373],[6.77817,52.001271],[6.712851,52.023854],[6.69094,52.027859],[6.675024,52.034809],[6.672957,52.050054],[6.679881,52.060467],[6.688873,52.063102],[6.699415,52.063567],[6.711404,52.067288],[6.719465,52.073567],[6.72763,52.086305],[6.732901,52.091989],[6.749851,52.102867],[6.765871,52.108397],[6.771576,52.108793],[6.830673,52.112893],[6.843282,52.119998],[6.8654,52.1478],[6.88483,52.160332],[6.927721,52.171907],[6.947668,52.182811],[6.97113,52.206272],[6.981878,52.213997],[7.02632,52.230637],[7.029111,52.235779],[7.0266,52.238623],[7.020739,52.245262],[7.011851,52.26663],[7.012471,52.284949],[7.019705,52.300039],[7.039756,52.328616],[7.048231,52.365074],[7.034175,52.390783],[6.9733,52.451373],[6.966995,52.449565],[6.960794,52.442847],[6.951493,52.437472],[6.926481,52.432976],[6.90023,52.431917],[6.872014,52.434733],[6.820338,52.446826],[6.741169,52.453673],[6.714814,52.461553],[6.695074,52.475609],[6.688976,52.490518],[6.687529,52.50814],[6.684015,52.525994],[6.671716,52.541678],[6.688253,52.542582],[6.743753,52.559713],[6.71099,52.576637],[6.703962,52.583071],[6.703652,52.59139],[6.7082,52.599685],[6.710164,52.60865],[6.701792,52.619115],[6.719083,52.626759],[6.737035,52.634695],[6.770522,52.641026],[6.8654,52.641956],[6.91842,52.632189],[6.967719,52.636659],[6.982808,52.632783],[7.018465,52.625988],[7.036655,52.647382],[7.043993,52.682625],[7.053295,52.790577],[7.061977,52.824012],[7.072151,52.841317],[7.079857,52.854424],[7.161919,52.932636],[7.183623,52.966122],[7.192821,52.998006],[7.194372,53.033844],[7.18507,53.105442],[7.181349,53.114175],[7.176492,53.119394],[7.172668,53.125751],[7.171944,53.137714],[7.174425,53.145775],[7.188584,53.167789],[7.195405,53.184998],[7.198506,53.200578],[7.197472,53.216624],[7.194591,53.245022],[7.204438,53.248277],[7.215831,53.255601],[7.22462,53.262926],[7.233572,53.273627],[7.23699,53.285549],[7.229503,53.296576],[7.254731,53.319525],[7.268321,53.323676],[7.291515,53.32392],[7.313162,53.320502],[7.347667,53.307359],[7.366547,53.302802],[7.34254,53.324042],[7.302908,53.33275],[7.075206,53.337592],[7.038259,53.348578],[7.023611,53.37641],[7.023285,53.450507],[7.02768,53.467353],[7.047048,53.497707],[7.051443,53.5126],[7.059744,53.521715],[7.079356,53.521552],[7.11964,53.516303],[7.125011,53.524359],[7.134532,53.527411],[7.141775,53.537177],[7.139985,53.549791],[7.131114,53.556952],[7.101899,53.565741],[7.088878,53.573717],[7.086762,53.586859],[7.100922,53.597886],[7.133149,53.611274],[7.169444,53.635484],[7.188975,53.6435],[7.226085,53.66649],[7.305024,53.684801],[7.458832,53.695136],[7.469574,53.690741],[7.480235,53.682034],[7.503917,53.678656],[7.651378,53.696967],[7.951427,53.72191],[8.031423,53.708075],[8.031423,53.700629],[8.024913,53.672553],[8.052908,53.636298],[8.094086,53.604722],[8.127615,53.590766],[8.127615,53.584621],[8.119151,53.571926],[8.134613,53.56745],[8.156749,53.563666],[8.167979,53.553209],[8.164887,53.535224],[8.155447,53.526028],[8.1338,53.516303],[8.115733,53.510728],[8.076345,53.508612],[8.058767,53.502021],[8.076996,53.468695],[8.086192,53.456122],[8.099783,53.447414],[8.112478,53.451077],[8.123871,53.454006],[8.140636,53.453599],[8.152354,53.449774],[8.171397,53.436591],[8.178559,53.433743],[8.186697,53.429511],[8.194835,53.420111],[8.205333,53.410712],[8.219737,53.40644],[8.236501,53.406724],[8.248709,53.408393],[8.259451,53.412299],[8.271739,53.419501],[8.292817,53.440497],[8.315115,53.474921],[8.320486,53.509223],[8.291515,53.529364],[8.252208,53.523098],[8.231212,53.525214],[8.233165,53.539862],[8.24171,53.556301],[8.248871,53.590277],[8.257335,53.604438],[8.270681,53.61286],[8.287608,53.616889],[8.329356,53.618109],[8.348481,53.61286],[8.363292,53.600572],[8.375499,53.5869],[8.387706,53.577135],[8.428071,53.564765],[8.513438,53.554755],[8.552094,53.543606],[8.552094,53.5362],[8.528168,53.523912],[8.506196,53.507961],[8.490001,53.486396],[8.483897,53.457343],[8.485037,53.40119],[8.490896,53.376451],[8.504405,53.358059],[8.507335,53.382799],[8.496755,53.445258],[8.497569,53.474758],[8.512869,53.496487],[8.535818,53.506171],[8.556651,53.518215],[8.565766,53.546698],[8.560802,53.551703],[8.535167,53.590766],[8.527517,53.596625],[8.5171,53.610175],[8.508311,53.625149],[8.501231,53.644192],[8.487071,53.666938],[8.483897,53.68358],[8.486095,53.700426],[8.492198,53.715155],[8.529633,53.770697],[8.556163,53.830959],[8.573253,53.857652],[8.587576,53.870429],[8.607107,53.881537],[8.629242,53.88939],[8.651866,53.892483],[8.672699,53.891588],[8.684581,53.888495],[8.709158,53.871975],[8.74464,53.854153],[8.782481,53.842475],[8.860688,53.831],[8.903575,53.831732],[8.976248,53.842434],[9.016287,53.840522],[9.035004,53.853583],[9.114513,53.865139],[9.193614,53.864691],[9.210704,53.871975],[9.224294,53.865912],[9.240733,53.864163],[9.274669,53.865139],[9.283376,53.86164],[9.305349,53.84455],[9.40268,53.742418],[9.442882,53.714301],[9.470958,53.700629],[9.484711,53.69009],[9.498383,53.659857],[9.567068,53.599595],[9.582367,53.591295],[9.600922,53.58633],[9.624766,53.584621],[9.637218,53.581],[9.696625,53.556627],[9.764008,53.547675],[9.819021,53.540351],[9.832042,53.543606],[9.819591,53.556627],[9.782074,53.569729],[9.692393,53.575914],[9.655772,53.584621],[9.583669,53.612454],[9.550792,53.634589],[9.539073,53.66649],[9.536143,53.693752],[9.532237,53.711168],[9.522227,53.71662],[9.475271,53.732164],[9.460216,53.735419],[9.435802,53.748684],[9.412446,53.778754],[9.396658,53.811021],[9.395193,53.831],[9.358735,53.839545],[9.295584,53.871894],[9.257823,53.885565],[9.22047,53.890774],[9.093435,53.892483],[9.055431,53.902899],[9.029959,53.907131],[9.018321,53.902737],[9.007823,53.892483],[8.98463,53.89704],[8.949474,53.912909],[8.916026,53.937405],[8.833344,54.036444],[8.871837,54.046942],[8.890636,54.047797],[8.914561,54.043891],[8.953868,54.028306],[8.975352,54.024075],[8.997244,54.030219],[9.004893,54.041164],[9.013031,54.060981],[9.018565,54.082424],[9.018321,54.097886],[9.006684,54.10814],[8.988129,54.117865],[8.974457,54.128079],[8.977306,54.139472],[8.977306,54.145697],[8.952891,54.150092],[8.917979,54.146308],[8.885427,54.13703],[8.867442,54.12519],[8.860688,54.12519],[8.833344,54.153144],[8.815684,54.175605],[8.812836,54.180487],[8.820974,54.200507],[8.836274,54.21776],[8.84669,54.233547],[8.83961,54.248725],[8.83961,54.255561],[8.851899,54.261054],[8.894216,54.268215],[8.911469,54.269192],[8.922048,54.274237],[8.937511,54.286689],[8.953136,54.302558],[8.963145,54.317613],[8.940278,54.315009],[8.902599,54.295844],[8.881114,54.290269],[8.883067,54.293606],[8.885916,54.300727],[8.88795,54.303941],[8.857595,54.301825],[8.805431,54.292426],[8.774669,54.290269],[8.738943,54.293891],[8.723481,54.290269],[8.690196,54.27147],[8.678477,54.269192],[8.651866,54.274848],[8.623383,54.290107],[8.602712,54.312079],[8.599864,54.33808],[8.614024,54.348375],[8.641368,54.355658],[8.672048,54.35928],[8.695567,54.358588],[8.695567,54.365424],[8.677582,54.367906],[8.663829,54.375556],[8.650645,54.377997],[8.634776,54.365424],[8.626231,54.37641],[8.629161,54.387681],[8.638438,54.398139],[8.648448,54.406399],[8.66977,54.400824],[8.750824,54.413804],[8.860688,54.413804],[8.886078,54.417792],[8.907237,54.425523],[8.949474,54.447333],[8.988048,54.458441],[9.004731,54.465888],[9.011485,54.482123],[9.011567,54.506334],[8.986095,54.529283],[8.90447,54.580634],[8.892833,54.591254],[8.88795,54.601874],[8.878754,54.606513],[8.858165,54.606147],[8.837087,54.602688],[8.825857,54.598131],[8.819021,54.605618],[8.853282,54.619289],[8.81837,54.673651],[8.805431,54.687567],[8.776703,54.697984],[8.722667,54.725531],[8.688731,54.735297],[8.688731,54.742174],[8.694347,54.76024],[8.681326,54.780585],[8.661876,54.800605],[8.648448,54.817857],[8.642751,54.844184],[8.647227,54.867377],[8.660776,54.896311],[8.695882,54.889984],[8.732779,54.889054],[8.800889,54.903833],[8.824246,54.9059],[8.904138,54.897942],[8.982686,54.879339],[9.194766,54.8504],[9.21151,54.841822],[9.216057,54.831745],[9.219054,54.817792],[9.226392,54.805906],[9.244066,54.801772],[9.317033,54.801617],[9.332019,54.803219],[9.341734,54.809059],[9.355997,54.811332],[9.366952,54.817017],[9.385039,54.819394],[9.405193,54.808387],[9.422143,54.80725],[9.436922,54.810144],[9.437503,54.810411],[9.451427,54.81037],[9.510997,54.827826],[9.529959,54.841498],[9.554373,54.847113],[9.566905,54.860175],[9.579926,54.866278],[9.583181,54.830268],[9.631602,54.819892],[9.693044,54.81802],[9.73463,54.807318],[9.752126,54.799628],[9.778087,54.793158],[9.801768,54.783393],[9.812185,54.766059],[9.823741,54.756741],[9.849864,54.759345],[9.895356,54.769477],[9.891449,54.790269],[9.91505,54.791205],[9.94752,54.779527],[9.97047,54.762641],[9.984141,54.728502],[9.990489,54.720526],[9.999522,54.712958],[10.01824,54.701239],[10.005382,54.695502],[9.992198,54.696479],[9.979828,54.699774],[9.97047,54.701239],[9.971039,54.699042],[9.9463,54.687649],[9.943126,54.687567],[9.936697,54.685004],[9.932384,54.685248],[9.929942,54.683092],[9.929454,54.673896],[9.944102,54.673326],[9.970225,54.677924],[9.996349,54.678778],[10.011404,54.66706],[10.022146,54.672431],[10.033539,54.672919],[10.039073,54.666815],[10.031912,54.652777],[10.036957,54.638902],[10.037608,54.619086],[10.031912,54.577704],[10.026866,54.559963],[10.02003,54.545844],[10.010427,54.534329],[9.997813,54.523668],[9.965587,54.506171],[9.925304,54.493109],[9.882009,54.484849],[9.840099,54.482123],[9.840099,54.475287],[9.883311,54.462104],[10.124685,54.495754],[10.143403,54.491848],[10.203868,54.461005],[10.18393,54.449368],[10.183849,54.438422],[10.191742,54.426174],[10.197032,54.410102],[10.191254,54.396715],[10.177094,54.384263],[10.159028,54.375312],[10.141775,54.37226],[10.144379,54.370022],[10.147797,54.368313],[10.148285,54.36518],[10.141775,54.358588],[10.152517,54.351793],[10.155528,54.343411],[10.151622,54.33397],[10.141775,54.324408],[10.163748,54.329169],[10.180349,54.341132],[10.203868,54.37226],[10.217133,54.405422],[10.224376,54.413804],[10.234386,54.417711],[10.272146,54.420071],[10.285818,54.42475],[10.292491,54.430162],[10.297618,54.435736],[10.306895,54.441107],[10.31837,54.443305],[10.36085,54.441107],[10.382823,54.43476],[10.44337,54.406399],[10.601085,54.365424],[10.690196,54.31623],[10.731293,54.310207],[10.77711,54.315131],[10.810802,54.327379],[10.867931,54.358588],[10.90089,54.371039],[10.935313,54.379543],[11.018809,54.385891],[11.018809,54.379096],[11.000824,54.378567],[10.975841,54.378404],[10.993175,54.373847],[11.010509,54.377183],[11.033946,54.367621],[11.104177,54.39289],[11.135509,54.385891],[11.098399,54.361518],[11.087738,54.351752],[11.081798,54.354641],[11.06658,54.358588],[11.077403,54.342231],[11.086599,54.302436],[11.094493,54.283515],[11.087087,54.270901],[11.087738,54.253892],[11.094493,54.225084],[11.09018,54.207994],[11.080577,54.198879],[11.070974,54.192572],[11.06658,54.183905],[10.95045,54.139472],[10.91033,54.109198],[10.892833,54.102525],[10.852387,54.094306],[10.844574,54.094468],[10.836111,54.089993],[10.829356,54.092841],[10.822276,54.097357],[10.813324,54.097886],[10.805431,54.094875],[10.801443,54.092231],[10.762869,54.05683],[10.752615,54.050116],[10.752615,54.043891],[10.76588,54.024359],[10.780447,54.009955],[10.799653,54.000556],[10.826915,53.995429],[10.865571,53.997789],[10.875499,53.995429],[10.882579,53.985053],[10.883556,53.973131],[10.88738,53.963935],[10.90211,53.961371],[10.906016,53.961208],[10.917654,53.960761],[10.922618,53.961371],[10.935395,53.967271],[10.964692,53.985419],[10.981212,53.989244],[11.000255,53.991604],[11.053477,54.00849],[11.175059,54.018012],[11.183849,54.016018],[11.190766,54.010321],[11.197276,53.996243],[11.204356,53.989244],[11.239919,53.983466],[11.245372,53.97842],[11.240733,53.955634],[11.242931,53.945217],[11.255626,53.940863],[11.285411,53.939683],[11.293712,53.940863],[11.334158,53.961371],[11.341807,53.958319],[11.352061,53.944159],[11.358246,53.940863],[11.399913,53.940863],[11.400401,53.93773],[11.438731,53.909125],[11.4463,53.906155],[11.457693,53.906155],[11.458995,53.916693],[11.469086,53.932766],[11.476817,53.952704],[11.472423,53.968817],[11.479828,53.976142],[11.489513,53.980618],[11.497895,53.981838],[11.495942,53.986314],[11.4935,53.997626],[11.49171,54.002346],[11.52589,54.022773],[11.52589,54.030219],[11.519054,54.030219],[11.519054,54.036444],[11.544607,54.030178],[11.553233,54.030219],[11.573497,54.039049],[11.591319,54.065619],[11.604747,54.071234],[11.612804,54.072903],[11.619395,54.077297],[11.624522,54.083645],[11.628917,54.091051],[11.629568,54.096015],[11.622081,54.099555],[11.622081,54.104682],[11.625255,54.109809],[11.629405,54.113227],[11.633149,54.115912],[11.657888,54.142239],[11.689708,54.155219],[11.72877,54.158515],[11.812266,54.149807],[12.050629,54.179918],[12.088145,54.194078],[12.093272,54.165432],[12.089529,54.137641],[12.091645,54.114],[12.115001,54.097886],[12.105317,54.110012],[12.100352,54.135972],[12.095063,54.145697],[12.105479,54.157375],[12.134288,54.166978],[12.142833,54.180487],[12.131602,54.181138],[12.12086,54.179999],[12.110606,54.177436],[12.101329,54.173651],[12.108897,54.18301],[12.142833,54.209174],[12.163097,54.219916],[12.18686,54.243354],[12.200938,54.248725],[12.214041,54.250963],[12.289399,54.275092],[12.327322,54.293769],[12.342133,54.303941],[12.378184,54.344916],[12.438324,54.395819],[12.444835,54.405463],[12.486095,54.447333],[12.501964,54.473578],[12.513438,54.482245],[12.533865,54.488267],[12.533865,54.482123],[12.527029,54.482123],[12.54835,54.462063],[12.591482,54.451728],[12.819102,54.451728],[12.856619,54.441107],[12.879649,54.448798],[12.908376,54.444648],[12.921153,54.433498],[12.896332,54.420071],[12.870779,54.416815],[12.763682,54.422187],[12.720958,54.431586],[12.694591,54.433661],[12.686778,54.431627],[12.676117,54.422553],[12.670421,54.420071],[12.650076,54.420071],[12.624197,54.422919],[12.614513,54.419745],[12.608409,54.406399],[12.602224,54.413804],[12.596934,54.411933],[12.588064,54.407457],[12.581716,54.406399],[12.583507,54.397854],[12.587657,54.394029],[12.594005,54.392768],[12.602224,54.392076],[12.598643,54.391547],[12.595876,54.391506],[12.594412,54.390204],[12.594737,54.385891],[12.575531,54.391995],[12.554047,54.390815],[12.535981,54.383734],[12.527029,54.37226],[12.510753,54.384263],[12.490977,54.390082],[12.454763,54.392076],[12.438487,54.387519],[12.424978,54.375922],[12.418468,54.360663],[12.424001,54.344916],[12.409679,54.346625],[12.403819,54.34809],[12.396739,54.351752],[12.389903,54.344916],[12.396495,54.332953],[12.391612,54.321112],[12.37908,54.312445],[12.362559,54.310207],[12.36964,54.296576],[12.37794,54.285875],[12.380138,54.277086],[12.368826,54.269192],[12.412446,54.25141],[12.436778,54.247707],[12.458181,54.255561],[12.442638,54.255194],[12.430837,54.258612],[12.41033,54.269192],[12.41684,54.280951],[12.42628,54.289618],[12.451427,54.303941],[12.457286,54.306301],[12.468272,54.308336],[12.472423,54.310207],[12.475597,54.315131],[12.476573,54.327786],[12.478689,54.331855],[12.495616,54.340277],[12.560557,54.358588],[12.547048,54.364488],[12.540782,54.365424],[12.540782,54.37226],[12.559337,54.376288],[12.566091,54.375922],[12.574229,54.37226],[12.574229,54.379096],[12.592947,54.36933],[12.622732,54.373928],[12.677257,54.392076],[12.675059,54.395413],[12.672374,54.402981],[12.670421,54.406399],[12.680837,54.410875],[12.692556,54.413642],[12.704845,54.414618],[12.71754,54.413804],[12.71754,54.406399],[12.702485,54.40412],[12.692393,54.396186],[12.686534,54.384752],[12.684093,54.37226],[12.696625,54.384955],[12.701182,54.391669],[12.7046,54.399604],[12.713552,54.390082],[12.723806,54.381252],[12.735037,54.37816],[12.746104,54.385891],[12.757823,54.379788],[12.768565,54.380072],[12.778331,54.384752],[12.78712,54.392076],[12.789887,54.384345],[12.794688,54.377143],[12.800955,54.370754],[12.818044,54.357978],[12.821788,54.356147],[12.825369,54.357245],[12.83546,54.358588],[12.854666,54.357856],[12.864757,54.359565],[12.875987,54.365424],[12.884532,54.373481],[12.894867,54.389716],[12.903819,54.399604],[12.929373,54.414374],[12.969086,54.429389],[13.0088,54.438056],[13.03419,54.433661],[13.021495,54.426459],[13.021007,54.414537],[13.028575,54.401842],[13.040375,54.392076],[13.083669,54.378974],[13.095551,54.37226],[13.076671,54.352525],[13.08074,54.337144],[13.109223,54.310207],[13.112071,54.299302],[13.112071,54.288479],[13.114919,54.280015],[13.125987,54.276597],[13.170665,54.276597],[13.170665,54.269192],[13.161306,54.269029],[13.154633,54.26732],[13.143403,54.263007],[13.176117,54.264838],[13.228363,54.247382],[13.263194,54.242499],[13.288829,54.23428],[13.321788,54.194525],[13.348888,54.180487],[13.333344,54.174018],[13.321544,54.166815],[13.346528,54.166938],[13.3838,54.178127],[13.403494,54.173651],[13.395681,54.161933],[13.39088,54.157294],[13.382986,54.153144],[13.394786,54.148912],[13.40211,54.151313],[13.408702,54.154608],[13.417735,54.153144],[13.423188,54.148098],[13.437673,54.12519],[13.450369,54.110419],[13.465099,54.098456],[13.483572,54.091295],[13.507091,54.091051],[13.507091,54.097886],[13.498871,54.102484],[13.487478,54.113918],[13.479259,54.118354],[13.479259,54.12519],[13.602712,54.139472],[13.632335,54.147528],[13.683442,54.168036],[13.711925,54.173651],[13.716482,54.168443],[13.714692,54.164049],[13.708263,54.160875],[13.698253,54.159329],[13.698253,54.153144],[13.72877,54.143866],[13.808116,54.104682],[13.808116,54.097886],[13.793712,54.083197],[13.785492,54.06391],[13.773204,54.046332],[13.746104,54.036444],[13.758149,54.030992],[13.78712,54.009101],[13.797618,53.998928],[13.803477,53.996324],[13.831798,53.989244],[13.838634,53.986314],[13.84311,53.97956],[13.846202,53.972235],[13.849132,53.967597],[13.850271,53.964016],[13.848969,53.959459],[13.848643,53.955552],[13.85255,53.953843],[13.866873,53.954657],[13.870128,53.953843],[13.875499,53.951239],[13.881602,53.949042],[13.88795,53.947577],[13.893565,53.947089],[13.906016,53.943061],[13.907563,53.933539],[13.901378,53.922309],[13.890147,53.912909],[13.818533,53.877997],[13.808116,53.865139],[13.817068,53.852932],[13.835785,53.84748],[13.85434,53.844916],[13.862804,53.841254],[13.869151,53.830308],[13.8838,53.817694],[13.899913,53.809149],[13.910655,53.810492],[13.984223,53.773993],[14.017345,53.769517],[14.033539,53.757514],[14.037446,53.755276],[14.061534,53.756415],[14.068858,53.755276],[14.094005,53.746324],[14.10613,53.743354],[14.186534,53.739814],[14.214692,53.744859],[14.226573,53.758694],[14.234141,53.761786],[14.250173,53.759955],[14.264496,53.751614],[14.267426,53.735419],[14.259532,53.727973],[14.212738,53.708075],[14.225352,53.703762],[14.240001,53.700751],[14.256196,53.699449],[14.263901,53.699976],[14.263863,53.699876],[14.265103,53.671764],[14.260969,53.656209],[14.276058,53.636624],[14.297039,53.597763],[14.298899,53.587893],[14.296212,53.551306],[14.296936,53.529137],[14.30417,53.508518],[14.328458,53.48609],[14.338897,53.465213],[14.359878,53.444077],[14.370316,53.392298],[14.391261,53.334017],[14.398015,53.315222],[14.399565,53.306747],[14.400185,53.288609],[14.403286,53.27879],[14.409384,53.272434],[14.42468,53.264657],[14.428607,53.259076],[14.44163,53.251841],[14.415585,53.22099],[14.408247,53.214402],[14.397705,53.210991],[14.387783,53.202077],[14.380651,53.189855],[14.377861,53.176549],[14.381478,53.160296],[14.387473,53.146137],[14.38954,53.131668],[14.359568,53.075056],[14.356777,53.066684],[14.343341,53.048624],[14.312645,53.029219],[14.253734,53.000875],[14.192859,52.981651],[14.14449,52.959921],[14.14449,52.953694],[14.150485,52.943643],[14.16268,52.908167],[14.164954,52.895661],[14.16082,52.876748],[14.150485,52.86463],[14.123923,52.850651],[14.135395,52.836595],[14.152758,52.828327],[14.173739,52.824348],[14.19596,52.823366],[14.21601,52.817992],[14.24867,52.794582],[14.275955,52.78572],[14.382202,52.738152],[14.397705,52.727119],[14.431915,52.686088],[14.442353,52.679964],[14.46137,52.674564],[14.490102,52.650638],[14.549943,52.636194],[14.607965,52.596463],[14.613712,52.592527],[14.644821,52.576921],[14.616813,52.541032],[14.609061,52.517803],[14.627665,52.507416],[14.632316,52.496745],[14.615779,52.473284],[14.591595,52.449797],[14.539815,52.421866],[14.545396,52.382153],[14.569167,52.338512],[14.590148,52.309418],[14.584153,52.291228],[14.606581,52.275751],[14.640481,52.265054],[14.668903,52.260997],[14.696911,52.253478],[14.712414,52.235908],[14.712104,52.215444],[14.69257,52.19958],[14.69257,52.193379],[14.70704,52.179452],[14.703216,52.165163],[14.692467,52.146973],[14.686369,52.121032],[14.696394,52.106691],[14.761403,52.076667],[14.743007,52.062534],[14.735359,52.054033],[14.732155,52.045067],[14.730294,52.035895],[14.726057,52.026438],[14.704456,52.002227],[14.699082,51.992512],[14.695568,51.931457],[14.687093,51.911897],[14.671693,51.893888],[14.653296,51.878617],[14.595936,51.842418],[14.58281,51.825081],[14.585807,51.803893],[14.60224,51.788313],[14.620327,51.780536],[14.634176,51.769012],[14.638103,51.742631],[14.648439,51.717206],[14.67097,51.700773],[14.719546,51.675632],[14.732465,51.658347],[14.742283,51.632974],[14.743937,51.606644],[14.732155,51.58662],[14.712724,51.567422],[14.704559,51.547992],[14.70677,51.540828],[14.710037,51.530241],[14.732155,51.515823],[14.797474,51.502103],[14.818558,51.492698],[14.818558,51.492595],[14.841399,51.48443],[14.888321,51.475748],[14.910955,51.468978],[14.926561,51.46133],[14.945061,51.449186],[14.955397,51.435415],[14.946922,51.422909],[14.950648,51.396539],[14.956637,51.354153],[14.956637,51.353223],[14.960978,51.335291],[14.963768,51.328393],[14.982269,51.308006],[15.004903,51.291289],[15.019476,51.271678],[15.014308,51.242661],[15.017925,51.239561],[15.022059,51.23677],[15.004903,51.215609],[14.991364,51.18897],[14.983199,51.160909],[14.982062,51.13564],[14.979995,51.122798],[14.97338,51.116132],[14.965629,51.111507],[14.960254,51.104582],[14.958497,51.094738],[14.958291,51.075514],[14.955293,51.064042],[14.910645,50.992651],[14.860209,50.916842],[14.824655,50.89183],[14.810496,50.877051],[14.810393,50.858447],[14.79458,50.831627],[14.785071,50.820052],[14.775356,50.812972],[14.759233,50.810181],[14.737529,50.810698],[14.700425,50.815969],[14.662185,50.834366],[14.647922,50.839379],[14.613195,50.84558],[14.608338,50.853073],[14.611852,50.870953],[14.628802,50.896119],[14.634589,50.9094],[14.629215,50.920717],[14.617123,50.920872],[14.561829,50.906351],[14.550357,50.912087],[14.555835,50.924283],[14.567824,50.938649],[14.575575,50.95069],[14.577435,50.965727],[14.574335,50.975494],[14.566687,50.983401],[14.554594,50.992651],[14.542295,50.998749],[14.51532,51.003038],[14.502918,51.008516],[14.493513,51.016706],[14.490102,51.022701],[14.487932,51.028721],[14.482144,51.037196],[14.473462,51.023372],[14.462094,51.019652],[14.425817,51.020944],[14.397808,51.013115],[14.386749,51.01327],[14.375897,51.01699],[14.369386,51.022442],[14.364115,51.027998],[14.35657,51.032338],[14.319363,51.040012],[14.287531,51.036834],[14.263553,51.021435],[14.249497,50.992651],[14.238335,50.982471],[14.250013,50.977613],[14.28381,50.974822],[14.303757,50.969707],[14.302207,50.967691],[14.293732,50.96397],[14.292802,50.95348],[14.31833,50.937512],[14.355227,50.930639],[14.381892,50.920872],[14.375897,50.895964],[14.346545,50.880203],[14.2681,50.88413],[14.232133,50.879376],[14.221281,50.872607],[14.202988,50.85514],[14.190792,50.847905],[14.034936,50.802585],[14.015713,50.801758],[13.979126,50.804755],[13.959592,50.802068],[13.948843,50.797211],[13.933547,50.784808],[13.923315,50.779951],[13.910706,50.778762],[13.900991,50.780622],[13.892516,50.780416],[13.883318,50.773233],[13.87908,50.763518],[13.88032,50.755043],[13.882697,50.748015],[13.882181,50.742744],[13.875359,50.736542],[13.869572,50.735251],[13.863474,50.735147],[13.834535,50.723675],[13.816552,50.72135],[13.770663,50.724605],[13.749062,50.72321],[13.711028,50.71427],[13.691753,50.711841],[13.601939,50.712151],[13.556567,50.706725],[13.51564,50.691016],[13.527215,50.675668],[13.523288,50.66218],[13.509955,50.651225],[13.493315,50.643215],[13.499103,50.635205],[13.498173,50.629159],[13.492179,50.624456],[13.482257,50.620891],[13.464893,50.607093],[13.447944,50.597274],[13.42934,50.594329],[13.407016,50.601305],[13.400401,50.606576],[13.386345,50.621614],[13.380971,50.62549],[13.368775,50.628332],[13.365985,50.627092],[13.365365,50.623474],[13.35937,50.61934],[13.321853,50.60239],[13.316272,50.596034],[13.305627,50.575777],[13.284646,50.568956],[13.268006,50.573658],[13.25178,50.580893],[13.232349,50.58203],[13.19907,50.525341],[13.184704,50.508753],[13.160106,50.497022],[13.107396,50.498986],[13.079181,50.492785],[13.078974,50.492681],[13.07887,50.492681],[13.069775,50.491079],[13.06037,50.490614],[13.051069,50.491131],[13.042284,50.492785],[13.034532,50.496505],[13.026264,50.497642],[13.017892,50.49635],[13.009624,50.492681],[13.003113,50.451909],[12.996602,50.433667],[12.982442,50.42297],[12.960631,50.409234],[12.952573,50.40416],[12.918363,50.4054],[12.825759,50.441418],[12.817388,50.44302],[12.808396,50.441832],[12.79434,50.435889],[12.788139,50.434339],[12.770259,50.435941],[12.754239,50.435321],[12.737909,50.431548],[12.725094,50.423435],[12.702976,50.401524],[12.691814,50.394651],[12.678792,50.393721],[12.625358,50.399922],[12.550531,50.396357],[12.510223,50.38876],[12.482524,50.373567],[12.475083,50.369433],[12.471569,50.364472],[12.469502,50.359408],[12.466815,50.354912],[12.467022,50.352845],[12.468365,50.349486],[12.468985,50.345559],[12.466815,50.34189],[12.462784,50.340494],[12.453792,50.340701],[12.450175,50.339357],[12.438289,50.332536],[12.408937,50.321994],[12.398189,50.315173],[12.367183,50.279051],[12.355814,50.271403],[12.344652,50.26639],[12.336487,50.258587],[12.3338,50.242722],[12.314059,50.226496],[12.308685,50.217091],[12.305584,50.199314],[12.308582,50.186912],[12.314369,50.176215],[12.314369,50.167327],[12.300417,50.160815],[12.283363,50.162211],[12.273235,50.172339],[12.261246,50.199883],[12.260212,50.20505],[12.258455,50.21089],[12.254321,50.217401],[12.249981,50.221173],[12.232514,50.232491],[12.22993,50.234816],[12.228897,50.237038],[12.229827,50.239053],[12.232514,50.240965],[12.233754,50.241689],[12.235098,50.242257],[12.236441,50.242567],[12.237992,50.242722],[12.242436,50.248355],[12.242953,50.252954],[12.239645,50.256572],[12.232514,50.259104],[12.203782,50.259569],[12.189209,50.262463],[12.178047,50.268767],[12.17412,50.276571],[12.17443,50.293727],[12.168538,50.302977],[12.149315,50.311711],[12.101344,50.31398],[12.076141,50.315173],[12.099189,50.299773],[12.10725,50.290885],[12.110971,50.276622],[12.109111,50.263806],[12.102393,50.259156],[12.092057,50.254815],[12.079552,50.242722],[12.089887,50.230837],[12.13929,50.211045],[12.163784,50.193785],[12.17505,50.182623],[12.182698,50.170737],[12.185592,50.155699],[12.178564,50.132962],[12.179184,50.117976],[12.187865,50.102834],[12.202025,50.094514],[12.218044,50.088572],[12.232514,50.08051],[12.241402,50.07064],[12.243469,50.060408],[12.243676,50.051313],[12.24688,50.044957],[12.398189,49.992764],[12.399222,49.992764],[12.414518,49.983048],[12.451312,49.980568],[12.468158,49.970233],[12.470742,49.955608],[12.463818,49.942121],[12.462681,49.931269],[12.503608,49.915766],[12.517871,49.9122],[12.524072,49.904965],[12.520972,49.885535],[12.51291,49.870239],[12.489863,49.842695],[12.482524,49.827244],[12.462474,49.831223],[12.456376,49.817115],[12.455859,49.796135],[12.452655,49.779702],[12.436739,49.769263],[12.395398,49.757894],[12.383616,49.742856],[12.388577,49.732314],[12.398912,49.719499],[12.419583,49.700223],[12.433949,49.6918],[12.449245,49.68503],[12.482524,49.674695],[12.496374,49.669993],[12.504642,49.659399],[12.505365,49.646118],[12.496891,49.633871],[12.499474,49.632527],[12.507432,49.629995],[12.502678,49.62214],[12.501955,49.619711],[12.512187,49.61165],[12.536061,49.603123],[12.546603,49.595579],[12.553631,49.584726],[12.558282,49.562557],[12.562313,49.550827],[12.568721,49.538838],[12.575025,49.529898],[12.58288,49.522405],[12.593732,49.515015],[12.604998,49.512793],[12.61554,49.513775],[12.622981,49.509847],[12.624325,49.493001],[12.627218,49.460186],[12.632179,49.44396],[12.643548,49.42949],[12.663082,49.418897],[12.709177,49.404737],[12.729331,49.391147],[12.762094,49.343242],[12.777907,49.332545],[12.797751,49.327843],[12.856662,49.32221],[12.875369,49.323864],[12.870925,49.336731],[12.88467,49.339573],[12.922911,49.332701],[12.939861,49.326758],[12.95433,49.31911],[12.982442,49.299628],[12.999806,49.294925],[13.005387,49.28676],[13.00673,49.277097],[13.011278,49.267795],[13.043214,49.242887],[13.04342,49.242784],[13.055823,49.238184],[13.14946,49.15483],[13.162586,49.135142],[13.178503,49.118347],[13.206821,49.107495],[13.267283,49.105634],[13.287333,49.10057],[13.299529,49.093645],[13.329915,49.066929],[13.372393,49.038507],[13.383555,49.021092],[13.384175,48.993031],[13.398541,48.977683],[13.427273,48.959958],[13.458899,48.945024],[13.482257,48.937634],[13.492592,48.955049],[13.5021,48.966056],[13.51595,48.970242],[13.522395,48.969342],[13.538894,48.967038],[13.556464,48.959958],[13.573414,48.951018],[13.590467,48.944817],[13.608657,48.946161],[13.611138,48.927247],[13.621783,48.909057],[13.637389,48.893451],[13.654443,48.882237],[13.673356,48.876346],[13.710615,48.87247],[13.724671,48.867303],[13.747925,48.843376],[13.796191,48.779814],[13.815725,48.76643]]],[[[14.210053,53.938463],[14.193066,53.911491],[14.184798,53.908132],[14.175289,53.906478],[14.192756,53.893766],[14.200819,53.878157],[14.087413,53.870429],[14.065115,53.872382],[14.04835,53.879381],[14.025076,53.863837],[13.99586,53.853746],[13.938487,53.844672],[13.875255,53.844062],[13.840099,53.850287],[13.821788,53.865139],[13.834727,53.867987],[13.855479,53.877387],[13.887706,53.881537],[13.922374,53.893378],[13.931651,53.899319],[13.938975,53.928209],[13.901866,53.969794],[13.90447,53.995429],[13.954845,53.993598],[13.972667,53.989244],[13.965831,53.981838],[13.968272,53.976264],[13.960297,53.956732],[13.958995,53.940863],[13.97462,53.957343],[13.987478,53.961412],[14.027843,53.961371],[14.022634,53.95897],[14.018565,53.956366],[14.01588,53.952704],[14.014334,53.947089],[14.04835,53.940863],[14.040294,53.953843],[14.053071,53.97842],[14.05128,54.005072],[14.037446,54.021715],[14.014334,54.016018],[14.006196,54.032294],[13.995291,54.045722],[13.9817,54.056342],[13.965831,54.063788],[13.946056,54.066596],[13.926117,54.064032],[13.915863,54.056383],[13.924815,54.043891],[13.924815,54.036444],[13.91627,54.033637],[13.907237,54.027493],[13.899913,54.019721],[13.896983,54.012274],[13.89088,54.010159],[13.855968,54.002346],[13.858084,54.015774],[13.865571,54.024075],[13.873546,54.029975],[13.876313,54.036444],[13.871104,54.048651],[13.863617,54.049994],[13.854991,54.046332],[13.823009,54.037909],[13.808279,54.026313],[13.7942,54.018134],[13.774099,54.022773],[13.782074,54.042141],[13.809255,54.0751],[13.814952,54.101264],[13.806163,54.116645],[13.76531,54.141913],[13.75294,54.153144],[13.762218,54.164455],[13.777599,54.174018],[13.796153,54.17829],[13.814952,54.173651],[13.823741,54.163967],[13.844086,54.131293],[13.855968,54.118354],[13.882498,54.102444],[13.948416,54.079779],[13.986176,54.071234],[14.016612,54.060004],[14.192393,53.946112],[14.209483,53.938625],[14.210053,53.938463]]],[[[6.798106,53.604438],[6.775645,53.602484],[6.740896,53.593451],[6.722423,53.590766],[6.722423,53.584621],[6.733572,53.582017],[6.742198,53.578355],[6.749522,53.572414],[6.756521,53.562893],[6.747569,53.565985],[6.73463,53.575181],[6.726085,53.577135],[6.715994,53.576077],[6.701182,53.571438],[6.695079,53.570299],[6.677094,53.575629],[6.663341,53.587348],[6.659516,53.599107],[6.671153,53.604438],[6.747325,53.618354],[6.784679,53.620063],[6.798106,53.604438]]],[[[6.87379,53.672756],[6.910818,53.683661],[7.047048,53.694159],[7.08546,53.686998],[6.87379,53.672756]]],[[[7.133149,53.708075],[7.178966,53.724066],[7.232921,53.729438],[7.346202,53.727973],[7.34669,53.723212],[7.345063,53.722073],[7.342296,53.722113],[7.295746,53.711005],[7.173595,53.701402],[7.133149,53.708075]]],[[[7.366547,53.727973],[7.383067,53.734849],[7.403494,53.736721],[7.422618,53.734198],[7.435557,53.727973],[7.432384,53.724066],[7.429047,53.72248],[7.421235,53.721137],[7.381196,53.728502],[7.366547,53.727973]]],[[[8.120128,53.721137],[8.13266,53.734036],[8.152354,53.739163],[8.174815,53.737006],[8.195974,53.727973],[8.181651,53.727973],[8.171723,53.725572],[8.155772,53.716376],[8.15089,53.714301],[8.142263,53.715644],[8.136729,53.717963],[8.130707,53.718451],[8.120128,53.714301],[8.120128,53.721137]]],[[[7.517426,53.762112],[7.606619,53.7626],[7.62672,53.755276],[7.627208,53.750922],[7.625743,53.749945],[7.623302,53.749986],[7.620616,53.749091],[7.547699,53.750434],[7.513927,53.74551],[7.511241,53.727973],[7.481944,53.727118],[7.472992,53.731879],[7.469574,53.745347],[7.47462,53.756822],[7.48699,53.76142],[7.517426,53.762112]]],[[[7.660899,53.762112],[7.68629,53.780992],[7.728282,53.786566],[7.812836,53.783149],[7.812836,53.776353],[7.798595,53.776353],[7.776215,53.767971],[7.74822,53.760932],[7.719493,53.759914],[7.694998,53.769517],[7.685883,53.761786],[7.677094,53.757799],[7.66863,53.75788],[7.660899,53.762112]]],[[[7.87379,53.776353],[7.854503,53.784573],[7.858897,53.79092],[7.87672,53.794867],[7.897634,53.796291],[7.914073,53.795356],[7.928966,53.792548],[7.955577,53.782904],[7.946056,53.784003],[7.935313,53.783149],[7.89324,53.788967],[7.875255,53.788398],[7.87379,53.776353]]],[[[11.375662,53.981838],[11.390391,54.004584],[11.426606,54.022935],[11.468028,54.030951],[11.497895,54.022773],[11.468272,53.970689],[11.457693,53.961371],[11.445323,53.961127],[11.444509,53.968085],[11.451427,53.985541],[11.447032,53.997138],[11.438731,53.99726],[11.433279,53.988756],[11.437755,53.975002],[11.423106,53.967719],[11.407074,53.968207],[11.390961,53.973944],[11.375662,53.981838]]],[[[11.528494,54.0751],[11.528575,54.07746],[11.533946,54.084866],[11.601899,54.104153],[11.615896,54.112128],[11.598969,54.098049],[11.552745,54.073065],[11.539561,54.056952],[11.533946,54.056952],[11.528494,54.0751]]],[[[8.963145,54.523668],[8.958507,54.522447],[8.956309,54.519436],[8.955821,54.51496],[8.956879,54.509426],[8.938487,54.499091],[8.925792,54.486762],[8.911306,54.475491],[8.88795,54.468451],[8.844493,54.466498],[8.823904,54.470852],[8.812836,54.482123],[8.823741,54.485541],[8.825531,54.491197],[8.820974,54.49726],[8.812836,54.501939],[8.844493,54.519721],[8.879649,54.52912],[8.9192,54.530463],[8.963145,54.523668]]],[[[11.255626,54.478705],[11.31422,54.413804],[11.188487,54.426174],[11.170177,54.420071],[11.174653,54.416002],[11.179047,54.414211],[11.138845,54.412665],[11.112641,54.415229],[11.101329,54.423489],[11.103282,54.443834],[11.098643,54.451646],[11.084321,54.454779],[11.058116,54.455268],[11.047374,54.453274],[11.039887,54.447333],[11.032481,54.447333],[11.029145,54.454657],[11.025727,54.458808],[11.020356,54.45897],[11.008474,54.454657],[11.005707,54.468451],[11.033702,54.508857],[11.072927,54.531195],[11.121267,54.535956],[11.206554,54.514472],[11.232107,54.501654],[11.240001,54.495551],[11.255626,54.478705]]],[[[13.143403,54.598131],[13.118907,54.586412],[13.113129,54.570054],[13.112153,54.550686],[13.10255,54.529934],[13.095225,54.524359],[13.081065,54.517157],[13.075043,54.509426],[13.071462,54.499661],[13.069591,54.489651],[13.068207,54.468451],[13.061371,54.468451],[13.061371,54.482123],[13.06422,54.505113],[13.095551,54.570787],[13.102306,54.596096],[13.10963,54.603095],[13.125987,54.605618],[13.139822,54.606024],[13.151052,54.604926],[13.157237,54.599066],[13.157074,54.587958],[13.156505,54.589057],[13.153656,54.591132],[13.149669,54.591376],[13.149669,54.577704],[13.143403,54.577704],[13.143403,54.598131]]],[[[13.698253,54.392076],[13.724864,54.363593],[13.741954,54.350491],[13.766449,54.344916],[13.753103,54.339301],[13.740082,54.32982],[13.730154,54.31684],[13.726248,54.300523],[13.726248,54.284654],[13.723155,54.278388],[13.712738,54.278998],[13.690929,54.283515],[13.702647,54.283515],[13.711925,54.286566],[13.715994,54.29328],[13.711925,54.303941],[13.705089,54.303941],[13.694835,54.297431],[13.679454,54.294013],[13.663341,54.293891],[13.651134,54.297187],[13.651134,54.303941],[13.688243,54.3133],[13.703624,54.320461],[13.711925,54.331855],[13.659923,54.329779],[13.636729,54.325507],[13.616954,54.317613],[13.67213,54.340318],[13.690929,54.344916],[13.690929,54.351752],[13.664073,54.353258],[13.650076,54.352444],[13.64031,54.348334],[13.626801,54.339097],[13.618337,54.341376],[13.610606,54.347968],[13.599294,54.351752],[13.499685,54.344916],[13.481781,54.338284],[13.428884,54.31094],[13.417735,54.300523],[13.406098,54.285224],[13.381602,54.282213],[13.35963,54.275458],[13.355724,54.248725],[13.369395,54.255561],[13.36964,54.260647],[13.367524,54.261949],[13.364757,54.26203],[13.363129,54.263007],[13.410899,54.26789],[13.417735,54.266059],[13.425059,54.243232],[13.423025,54.232733],[13.407237,54.228217],[13.378673,54.230862],[13.347016,54.237454],[13.311534,54.251125],[13.319509,54.256415],[13.32488,54.268215],[13.335216,54.283515],[13.320567,54.278388],[13.313975,54.2744],[13.307872,54.269192],[13.31186,54.266425],[13.314708,54.263007],[13.294688,54.264106],[13.28419,54.262844],[13.276866,54.259263],[13.267914,54.256496],[13.257986,54.260443],[13.24879,54.266262],[13.242442,54.269192],[13.227794,54.270819],[13.210134,54.275824],[13.199229,54.28441],[13.204845,54.297187],[13.190278,54.29975],[13.159679,54.290961],[13.149669,54.290269],[13.142833,54.298],[13.148936,54.304755],[13.162283,54.307685],[13.177501,54.303941],[13.177501,54.310207],[13.115489,54.33808],[13.129242,54.359565],[13.148936,54.377265],[13.174327,54.383979],[13.204845,54.37226],[13.211681,54.379096],[13.223318,54.372504],[13.237153,54.373969],[13.266856,54.385891],[13.25115,54.386908],[13.239268,54.393622],[13.234386,54.403388],[13.239024,54.413804],[13.239024,54.420071],[13.225352,54.420844],[13.217947,54.425686],[13.211599,54.431098],[13.201427,54.433661],[13.156993,54.426825],[13.174327,54.447659],[13.181814,54.45303],[13.208832,54.456936],[13.239024,54.466254],[13.259532,54.468451],[13.259532,54.475287],[13.260753,54.475491],[13.266856,54.477484],[13.273123,54.482123],[13.245372,54.488349],[13.233246,54.493069],[13.225352,54.501939],[13.22877,54.504299],[13.231944,54.506008],[13.233653,54.509223],[13.232758,54.516262],[13.203298,54.509467],[13.185395,54.508287],[13.177501,54.512844],[13.175304,54.516018],[13.170665,54.516791],[13.166026,54.51911],[13.163829,54.526801],[13.162608,54.535468],[13.158865,54.540676],[13.152354,54.542955],[13.143403,54.542914],[13.166352,54.549384],[13.242931,54.555976],[13.259532,54.553778],[13.264903,54.547797],[13.276541,54.545071],[13.288259,54.539944],[13.29363,54.526801],[13.297862,54.51968],[13.305512,54.523424],[13.309255,54.534817],[13.301036,54.55036],[13.31544,54.561957],[13.333669,54.573065],[13.35255,54.581448],[13.369395,54.58515],[13.358246,54.564765],[13.350759,54.555976],[13.342052,54.55036],[13.348399,54.550482],[13.353852,54.549872],[13.358653,54.547553],[13.363129,54.542914],[13.358084,54.538153],[13.348888,54.523668],[13.363292,54.523139],[13.374848,54.52558],[13.3838,54.531887],[13.389822,54.542914],[13.381358,54.544379],[13.371837,54.548896],[13.363129,54.55036],[13.363129,54.557196],[13.37672,54.564643],[13.387869,54.551256],[13.405528,54.538235],[13.417328,54.524563],[13.410899,54.509426],[13.430675,54.492743],[13.455577,54.487494],[13.507091,54.488267],[13.499685,54.495754],[13.509288,54.508979],[13.514171,54.513129],[13.520763,54.516262],[13.520763,54.523668],[13.51295,54.537543],[13.507498,54.544664],[13.499685,54.55036],[13.499685,54.557196],[13.505544,54.559719],[13.5088,54.561835],[13.512869,54.563544],[13.520763,54.564643],[13.520763,54.570787],[13.508311,54.57038],[13.500255,54.566067],[13.493907,54.560736],[13.486583,54.557196],[13.475759,54.556098],[13.441417,54.557196],[13.436046,54.56037],[13.430675,54.56745],[13.423839,54.57453],[13.414317,54.577704],[13.399262,54.579576],[13.393077,54.58454],[13.389659,54.591051],[13.382986,54.598131],[13.371349,54.6081],[13.369151,54.612128],[13.355724,54.605618],[13.347911,54.600816],[13.331798,54.587836],[13.30836,54.579576],[13.291352,54.568793],[13.273285,54.56094],[13.253266,54.564643],[13.249766,54.576483],[13.256847,54.594916],[13.269867,54.611802],[13.283946,54.619289],[13.286957,54.623521],[13.29127,54.632961],[13.293468,54.642279],[13.290538,54.646552],[13.24586,54.639797],[13.231212,54.633857],[13.224783,54.634955],[13.225352,54.646552],[13.230968,54.653306],[13.241547,54.65998],[13.253591,54.665025],[13.390798,54.688178],[13.418712,54.688422],[13.445079,54.68008],[13.445079,54.673896],[13.429698,54.666734],[13.409028,54.659817],[13.39088,54.650539],[13.382986,54.636379],[13.385997,54.618638],[13.394542,54.604438],[13.407725,54.593411],[13.424571,54.58515],[13.466319,54.57689],[13.595958,54.591376],[13.640473,54.585679],[13.670665,54.56623],[13.677257,54.540473],[13.651134,54.516262],[13.606781,54.498969],[13.584809,54.486518],[13.57545,54.471869],[13.579112,54.455064],[13.587901,54.437567],[13.599132,54.422675],[13.609548,54.413804],[13.630056,54.407538],[13.677419,54.400824],[13.698253,54.392076]]],[[[8.332367,54.693793],[8.382335,54.639146],[8.401378,54.632961],[8.387706,54.626125],[8.353689,54.618964],[8.330251,54.631415],[8.311371,54.651353],[8.291515,54.66706],[8.320486,54.698717],[8.33839,54.71015],[8.360362,54.71483],[8.360688,54.710028],[8.359141,54.70893],[8.356293,54.709174],[8.353526,54.707994],[8.342459,54.701402],[8.332367,54.693793]]],[[[8.497569,54.756415],[8.553233,54.754462],[8.575938,54.746405],[8.593761,54.728502],[8.593761,54.721666],[8.58546,54.713609],[8.574067,54.694403],[8.565766,54.687567],[8.552094,54.685004],[8.535167,54.686184],[8.519867,54.689602],[8.511241,54.693793],[8.485199,54.688056],[8.45281,54.693834],[8.394542,54.71483],[8.414236,54.735785],[8.436778,54.748481],[8.464122,54.754788],[8.497569,54.756415]]],[[[8.360362,54.948188],[8.354503,54.912746],[8.388357,54.894232],[8.436534,54.887274],[8.65447,54.893622],[8.629405,54.882148],[8.504405,54.886176],[8.48878,54.881293],[8.461192,54.868801],[8.446056,54.866278],[8.377126,54.866278],[8.370616,54.868232],[8.36199,54.876939],[8.353526,54.87934],[8.343923,54.879096],[8.337413,54.87759],[8.30714,54.865383],[8.302013,54.862616],[8.299327,54.855292],[8.297862,54.835598],[8.294932,54.831529],[8.29835,54.776923],[8.295746,54.759101],[8.290701,54.745307],[8.284434,54.742377],[8.277843,54.756415],[8.277029,54.782782],[8.288585,54.891303],[8.298025,54.912543],[8.373709,55.03498],[8.415782,55.065334],[8.46339,55.050686],[8.402354,55.048774],[8.394542,55.04385],[8.422211,55.042182],[8.430431,55.030015],[8.42156,55.016262],[8.38087,55.003079],[8.36199,54.986802],[8.351573,54.966742],[8.360362,54.948188]]],[[[8.634532,54.542629],[8.698904,54.55858],[8.700938,54.547756],[8.692882,54.523261],[8.66977,54.501899],[8.641287,54.492377],[8.618826,54.492621],[8.60613,54.499213],[8.595876,54.513658],[8.602061,54.529771],[8.620128,54.537909],[8.627452,54.539944],[8.634532,54.542629]]],[[[7.904145,54.180406],[7.899181,54.178168],[7.897716,54.182318],[7.893565,54.183092],[7.890391,54.187567],[7.885916,54.19066],[7.879893,54.193915],[7.894542,54.194648],[7.900645,54.19066],[7.904145,54.180406]]],[[[7.912364,54.192288],[7.929861,54.195299],[7.933442,54.189887],[7.917654,54.186998],[7.912364,54.192288]]]]}},{"type":"Feature","properties":{"name":"Austria","ISO3166-1-Alpha-3":"AUT","ISO3166-1-Alpha-2":"AT"},"geometry":{"type":"Polygon","coordinates":[[[16.945043,48.604166],[16.954345,48.557399],[16.949055,48.544836],[16.946903,48.539726],[16.93047,48.528202],[16.913934,48.519339],[16.906492,48.509908],[16.901221,48.496602],[16.875073,48.471539],[16.864944,48.458077],[16.86081,48.443788],[16.851922,48.390407],[16.849338,48.384102],[16.846858,48.381131],[16.845101,48.376583],[16.84448,48.365602],[16.847581,48.359582],[16.855332,48.356455],[16.875486,48.355034],[16.881171,48.352812],[16.891713,48.347024],[16.901945,48.339402],[16.906492,48.33147],[16.904218,48.327025],[16.900291,48.321238],[16.898431,48.316173],[16.902771,48.314106],[16.905459,48.311988],[16.908869,48.306975],[16.912073,48.301239],[16.913313,48.296691],[16.916621,48.2908],[16.924269,48.287519],[16.933364,48.284728],[16.944423,48.27801],[16.950624,48.276589],[16.954345,48.273127],[16.955275,48.268786],[16.953931,48.25734],[16.954345,48.25256],[16.969951,48.216645],[16.974705,48.198558],[16.974808,48.17688],[16.98194,48.161299],[17.007158,48.142799],[17.020904,48.137166],[17.036923,48.135513],[17.047465,48.130991],[17.062455,48.112724],[17.067206,48.106936],[17.080228,48.097608],[17.069996,48.089159],[17.064829,48.07903],[17.059144,48.060427],[17.063072,48.058773],[17.075061,48.052081],[17.069686,48.035674],[17.092631,48.02725],[17.12498,48.019525],[17.148338,48.005443],[17.085603,47.970148],[17.096145,47.961931],[17.095731,47.95573],[17.090874,47.949477],[17.088083,47.940899],[17.086119,47.93922],[17.076818,47.934956],[17.07413,47.932114],[17.075164,47.927773],[17.080125,47.925758],[17.085396,47.924621],[17.087463,47.922632],[17.083329,47.904829],[17.077541,47.891729],[17.067619,47.881626],[17.051186,47.872893],[17.016563,47.867699],[17.004057,47.863281],[17.004367,47.852377],[17.010672,47.847882],[17.031652,47.841345],[17.039507,47.837365],[17.049119,47.818684],[17.05563,47.812354],[17.040644,47.801114],[17.041988,47.783906],[17.048706,47.763649],[17.050566,47.730989],[17.055527,47.720913],[17.064002,47.71329],[17.075371,47.708484],[17.054804,47.702025],[16.98194,47.695436],[16.902668,47.682026],[16.864738,47.686729],[16.850165,47.712929],[16.836936,47.705358],[16.817299,47.684248],[16.80624,47.676884],[16.797455,47.675463],[16.741128,47.681458],[16.730379,47.685902],[16.719217,47.693731],[16.711569,47.704066],[16.707848,47.714608],[16.702474,47.7236],[16.689865,47.729568],[16.609766,47.750627],[16.567805,47.754192],[16.531115,47.742978],[16.52512,47.733315],[16.526877,47.720137],[16.521399,47.711533],[16.512924,47.706004],[16.47303,47.691767],[16.461145,47.684532],[16.45453,47.681768],[16.449879,47.682414],[16.444918,47.68554],[16.43913,47.690475],[16.431792,47.685463],[16.4166,47.668823],[16.407815,47.66133],[16.425901,47.654276],[16.481919,47.638954],[16.509617,47.64314],[16.575453,47.624949],[16.608422,47.628773],[16.63023,47.622004],[16.647697,47.606139],[16.656172,47.585934],[16.65059,47.566555],[16.66754,47.560096],[16.68139,47.550561],[16.689141,47.53803],[16.688004,47.52263],[16.677359,47.509866],[16.648213,47.501546],[16.636845,47.4932],[16.640875,47.452919],[16.626973,47.445549],[16.589406,47.425633],[16.481919,47.392302],[16.46993,47.405531],[16.456597,47.411836],[16.444091,47.40951],[16.433963,47.39685],[16.436443,47.358506],[16.434273,47.35556],[16.429312,47.353803],[16.424971,47.351116],[16.424351,47.345199],[16.427142,47.341375],[16.431689,47.339721],[16.436133,47.338559],[16.43882,47.336569],[16.469206,47.293238],[16.473237,47.276805],[16.466622,47.263421],[16.452463,47.254584],[16.421354,47.243138],[16.421354,47.243035],[16.424661,47.225594],[16.409262,47.203683],[16.412776,47.187173],[16.41877,47.183659],[16.426728,47.184124],[16.4351,47.183581],[16.441818,47.177121],[16.442128,47.168336],[16.433963,47.151283],[16.433653,47.145754],[16.447089,47.139708],[16.480885,47.150767],[16.497318,47.149681],[16.509514,47.137537],[16.50476,47.125833],[16.481919,47.10524],[16.460835,47.0963],[16.454323,47.081701],[16.461765,47.068498],[16.481919,47.063898],[16.493701,47.059816],[16.497215,47.054622],[16.493184,47.049145],[16.481919,47.04421],[16.437167,47.031782],[16.424661,47.024082],[16.45329,47.021679],[16.467553,47.018423],[16.481919,47.00938],[16.486363,46.998554],[16.467449,46.995427],[16.441404,46.99522],[16.424764,46.993102],[16.424764,46.992998],[16.420424,46.99026],[16.415566,46.989433],[16.410398,46.990415],[16.405024,46.993153],[16.387764,47.002042],[16.366577,47.003825],[16.325856,47.00044],[16.288545,47.005582],[16.274903,47.004315],[16.265394,46.993257],[16.261054,46.97809],[16.252992,46.973516],[16.24307,46.972018],[16.232942,46.966075],[16.230358,46.959977],[16.231185,46.954422],[16.230668,46.94835],[16.22395,46.941064],[16.217025,46.937395],[16.196148,46.931297],[16.170723,46.918533],[16.159148,46.910316],[16.122871,46.876365],[16.110055,46.867916],[16.094035,46.862774],[16.052936,46.84606],[16.032024,46.837556],[16.028441,46.836947],[15.987582,46.830011],[15.981691,46.827685],[15.971976,46.820632],[15.972906,46.818435],[15.97735,46.816213],[15.978177,46.809134],[15.971252,46.778076],[15.970985,46.77505],[15.969702,46.760532],[15.970529,46.743014],[15.982001,46.718545],[16.003291,46.709191],[16.014557,46.693714],[16.016723,46.670691],[16.016593,46.670757],[15.997917,46.686919],[15.986962,46.69219],[15.946344,46.697151],[15.878545,46.720715],[15.850743,46.724488],[15.822941,46.722834],[15.78461,46.7122],[15.755141,46.704024],[15.728683,46.70299],[15.652098,46.710819],[15.635975,46.717563],[15.632875,46.702473],[15.632978,46.689632],[15.626984,46.680873],[15.621745,46.678175],[15.616648,46.67555],[15.603729,46.673018],[15.58864,46.675963],[15.567349,46.675757],[15.545955,46.671881],[15.530659,46.663845],[15.52084,46.649608],[15.520308,46.64772],[15.517636,46.63824],[15.513939,46.632545],[15.511228,46.628369],[15.492625,46.618293],[15.462653,46.614649],[15.440018,46.62439],[15.435381,46.627195],[15.417591,46.637955],[15.388135,46.645578],[15.332784,46.64358],[15.204891,46.638963],[15.172557,46.64136],[15.105591,46.646323],[15.085723,46.647795],[15.061954,46.649557],[15.004386,46.636844],[14.967179,46.600257],[14.947955,46.619274],[14.933589,46.621135],[14.919507,46.615017],[14.897726,46.605554],[14.894063,46.605215],[14.877055,46.603642],[14.862999,46.604831],[14.85039,46.601136],[14.833647,46.584393],[14.822278,46.567546],[14.814519,46.551337],[14.807189,46.536024],[14.796663,46.519401],[14.788585,46.506646],[14.783004,46.503261],[14.760887,46.496284],[14.735255,46.493339],[14.726367,46.497706],[14.709727,46.492512],[14.703733,46.487758],[14.698772,46.480962],[14.687093,46.471221],[14.679961,46.458871],[14.672546,46.459791],[14.666629,46.460524],[14.662081,46.459698],[14.642031,46.445228],[14.631696,46.440577],[14.621567,46.43851],[14.599863,46.437167],[14.590148,46.434428],[14.575368,46.419726],[14.566997,46.400373],[14.562108,46.391737],[14.557695,46.38394],[14.540332,46.378643],[14.527102,46.388229],[14.515837,46.40536],[14.502194,46.418356],[14.467675,46.412672],[14.450931,46.414481],[14.437145,46.418884],[14.420029,46.424351],[14.414448,46.429002],[14.411244,46.434635],[14.40649,46.439337],[14.395844,46.440991],[14.362151,46.435875],[14.242323,46.438237],[14.149865,46.440061],[14.147933,46.440425],[14.137255,46.442438],[14.081032,46.47595],[14.066355,46.48104],[14.050026,46.484399],[14.032456,46.484709],[14.014922,46.482531],[13.998763,46.480523],[13.98233,46.481918],[13.890862,46.511787],[13.860683,46.51525],[13.795778,46.507886],[13.782135,46.507782],[13.716093,46.518867],[13.700951,46.519746],[13.685345,46.517627],[13.670256,46.518712],[13.549229,46.545842],[13.506751,46.546927],[13.499103,46.550622],[13.484944,46.561733],[13.478019,46.563567],[13.417041,46.560492],[13.373323,46.565789],[13.271417,46.550777],[13.231109,46.552173],[13.210025,46.558012],[13.146463,46.584961],[13.064504,46.598035],[12.83041,46.609637],[12.773566,46.635191],[12.7485,46.640996],[12.739873,46.642994],[12.732018,46.64227],[12.715999,46.637955],[12.706593,46.637749],[12.697395,46.640539],[12.679205,46.650022],[12.671368,46.652466],[12.669593,46.653019],[12.62019,46.656481],[12.562003,46.65121],[12.547327,46.652192],[12.53079,46.65767],[12.499888,46.672139],[12.469632,46.675799],[12.445627,46.678702],[12.40501,46.690123],[12.370387,46.711155],[12.351473,46.743246],[12.342688,46.765131],[12.326048,46.772495],[12.305274,46.774459],[12.284397,46.779988],[12.274785,46.784639],[12.269101,46.788566],[12.266724,46.795336],[12.26693,46.808255],[12.269618,46.819831],[12.273338,46.826755],[12.276129,46.83399],[12.275819,46.846289],[12.26662,46.868148],[12.250807,46.875615],[12.208743,46.876623],[12.1951,46.880085],[12.189002,46.884943],[12.183525,46.891222],[12.172156,46.89918],[12.160994,46.90303],[12.137429,46.905924],[12.126887,46.908869],[12.141563,46.918843],[12.141667,46.927989],[12.134742,46.937446],[12.128231,46.948582],[12.122133,46.971656],[12.117792,46.983076],[12.111178,46.992998],[12.12172,47.010517],[12.182284,47.033616],[12.203575,47.053331],[12.203897,47.067012],[12.204195,47.079686],[12.180631,47.085215],[12.133146,47.078832],[12.116242,47.076559],[12.014956,47.040489],[11.943643,47.038164],[11.899511,47.027725],[11.857033,47.012015],[11.822513,46.993257],[11.777141,46.988296],[11.766082,46.983438],[11.746445,46.972457],[11.73487,46.970622],[11.716163,46.97548],[11.683814,46.991913],[11.664797,46.993257],[11.657252,46.992533],[11.649707,46.992998],[11.648467,46.993257],[11.64795,46.993257],[11.59648,47.00044],[11.572709,46.998915],[11.543667,46.993102],[11.543564,46.993102],[11.543357,46.992998],[11.543254,46.992998],[11.533849,46.989536],[11.524443,46.988347],[11.515348,46.989484],[11.506977,46.992998],[11.501706,46.997856],[11.495918,47.001602],[11.489407,47.004212],[11.471837,47.00708],[11.461812,47.005504],[11.452923,47.000879],[11.445275,46.993102],[11.445172,46.992998],[11.411169,46.970493],[11.380576,46.971553],[11.349467,46.98194],[11.31381,46.987262],[11.243737,46.979252],[11.174491,46.963853],[11.156611,46.956515],[11.091912,46.912435],[11.083643,46.900136],[11.073101,46.86497],[11.054291,46.834145],[11.053464,46.830321],[11.054601,46.819934],[11.052844,46.814921],[11.048503,46.811692],[11.037445,46.808255],[11.033311,46.805568],[11.010883,46.779213],[10.99693,46.76911],[10.982668,46.767741],[10.965718,46.771642],[10.930888,46.773994],[10.913731,46.77234],[10.880348,46.764589],[10.870426,46.764072],[10.860195,46.766991],[10.843141,46.777043],[10.83415,46.780246],[10.823918,46.78035],[10.804901,46.776629],[10.795082,46.776888],[10.76635,46.788101],[10.754775,46.790763],[10.733691,46.786189],[10.722942,46.786448],[10.716947,46.795207],[10.721598,46.800142],[10.743819,46.812518],[10.748677,46.819443],[10.738962,46.829546],[10.662481,46.860965],[10.647081,46.863756],[10.629408,46.862412],[10.527708,46.843214],[10.486264,46.846366],[10.453811,46.864427],[10.451434,46.88577],[10.463836,46.919747],[10.458462,46.936619],[10.449574,46.943906],[10.415571,46.962406],[10.394693,46.985402],[10.384358,46.992998],[10.384358,46.993153],[10.384255,46.993153],[10.378984,46.995505],[10.373403,46.996254],[10.367925,46.995505],[10.338883,46.98411],[10.313665,46.964318],[10.296198,46.941374],[10.295681,46.922693],[10.270773,46.921892],[10.251343,46.92538],[10.235116,46.923313],[10.219924,46.905769],[10.215169,46.893108],[10.214342,46.884685],[10.211655,46.877036],[10.201423,46.86683],[10.157808,46.851612],[10.13197,46.846573],[10.125188,46.846751],[10.1113,46.847116],[10.068098,46.856624],[10.045567,46.865564],[10.006913,46.890757],[9.899943,46.914398],[9.875138,46.927421],[9.862426,46.939772],[9.860772,46.949151],[9.863976,46.959925],[9.866457,46.983387],[9.870591,46.992947],[9.870591,46.998838],[9.866767,47.001938],[9.860566,47.001602],[9.856328,47.004083],[9.857982,47.015478],[9.669053,47.056199],[9.65231,47.05793],[9.59991,47.053486],[9.581203,47.05687],[9.608798,47.080771],[9.615723,47.106764],[9.605594,47.132266],[9.581823,47.154901],[9.552057,47.16689],[9.551954,47.175571],[9.561876,47.190609],[9.562909,47.19774],[9.554331,47.211615],[9.544823,47.220323],[9.540378,47.229108],[9.547096,47.243035],[9.53025,47.253654],[9.521155,47.262801],[9.553298,47.299853],[9.587404,47.32781],[9.591228,47.334683],[9.596396,47.352305],[9.601047,47.36127],[9.639804,47.394524],[9.649519,47.409717],[9.650346,47.452092],[9.621717,47.469197],[9.58451,47.480721],[9.554951,47.5109],[9.553059,47.516891],[9.547482,47.534547],[9.549887,47.533534],[9.554144,47.532743],[9.612622,47.521881],[9.676701,47.52263],[9.703986,47.531415],[9.718455,47.546711],[9.730858,47.564901],[9.752665,47.582058],[9.767135,47.587277],[9.782121,47.588414],[9.79628,47.584952],[9.807959,47.576322],[9.811266,47.564488],[9.809303,47.552318],[9.813127,47.54175],[9.833487,47.534619],[9.841549,47.535032],[9.853848,47.540407],[9.858912,47.541337],[9.888988,47.533792],[9.918753,47.53219],[9.933843,47.534206],[9.945935,47.540769],[9.948726,47.524232],[9.959164,47.514879],[9.97167,47.506404],[9.980765,47.492942],[9.980765,47.489919],[9.981075,47.48687],[9.982625,47.481031],[9.993581,47.476586],[10.002366,47.47917],[10.011254,47.484441],[10.022623,47.487955],[10.071819,47.439121],[10.080604,47.42739],[10.075953,47.416874],[10.053215,47.40486],[10.064171,47.396178],[10.066858,47.385791],[10.067788,47.375042],[10.073162,47.365482],[10.082878,47.359074],[10.089596,47.359281],[10.097244,47.363131],[10.11037,47.367394],[10.11533,47.366955],[10.125666,47.362692],[10.130833,47.362666],[10.135071,47.364888],[10.146956,47.373802],[10.190881,47.379228],[10.209278,47.372484],[10.208555,47.354475],[10.190468,47.317475],[10.192742,47.310912],[10.193259,47.304917],[10.190778,47.298251],[10.18592,47.294995],[10.172691,47.292308],[10.168661,47.290422],[10.159462,47.279131],[10.155431,47.272878],[10.159876,47.271121],[10.174951,47.272376],[10.239354,47.277735],[10.261161,47.283497],[10.305913,47.302178],[10.325447,47.314322],[10.34343,47.330756],[10.365651,47.361115],[10.371646,47.367394],[10.381981,47.372122],[10.403065,47.377109],[10.411643,47.381037],[10.428283,47.396049],[10.442856,47.41628],[10.451951,47.438759],[10.451744,47.460205],[10.44761,47.472581],[10.442236,47.481392],[10.433657,47.487852],[10.419601,47.493045],[10.42973,47.532914],[10.43097,47.542164],[10.424356,47.553352],[10.415674,47.564385],[10.414227,47.573015],[10.429213,47.57702],[10.445956,47.579061],[10.453604,47.581102],[10.457118,47.579242],[10.461563,47.569914],[10.460322,47.565987],[10.455465,47.561181],[10.451744,47.554825],[10.453501,47.546246],[10.458772,47.541647],[10.466937,47.53772],[10.482543,47.532862],[10.525125,47.52847],[10.536907,47.529865],[10.549619,47.536789],[10.569876,47.555936],[10.583726,47.562473],[10.60791,47.562266],[10.739892,47.52847],[10.743923,47.525317],[10.74723,47.52015],[10.752191,47.515395],[10.760769,47.513638],[10.790328,47.516067],[10.830636,47.528573],[10.844795,47.531312],[10.858644,47.530666],[10.86929,47.526583],[10.892234,47.514879],[10.883862,47.508006],[10.851616,47.493097],[10.858438,47.485165],[10.909907,47.46899],[10.959827,47.432506],[10.962824,47.427959],[10.963134,47.421241],[10.96086,47.414316],[10.957656,47.409717],[10.955279,47.409614],[10.965511,47.396075],[10.979464,47.390545],[11.083747,47.389512],[11.10328,47.393568],[11.168599,47.424264],[11.193818,47.428941],[11.215212,47.422998],[11.213041,47.395816],[11.237019,47.393956],[11.258827,47.400725],[11.273089,47.411112],[11.286318,47.423205],[11.305645,47.4354],[11.324249,47.439431],[11.367657,47.440129],[11.383884,47.444857],[11.392462,47.454779],[11.388638,47.46222],[11.377786,47.467052],[11.365487,47.469326],[11.412616,47.506094],[11.435353,47.509711],[11.459951,47.507437],[11.482585,47.50258],[11.529508,47.507851],[11.551212,47.51369],[11.569402,47.527384],[11.574466,47.536634],[11.582321,47.559785],[11.589142,47.570379],[11.617048,47.586761],[11.620458,47.589654],[11.638958,47.589241],[11.682573,47.58335],[11.764015,47.583117],[11.820343,47.575288],[11.830678,47.577614],[11.840703,47.594615],[11.851969,47.599163],[11.935891,47.610738],[12.165645,47.603969],[12.173603,47.60508],[12.202128,47.629833],[12.205745,47.636215],[12.206779,47.645568],[12.205125,47.672285],[12.202335,47.677789],[12.197271,47.680088],[12.189106,47.685566],[12.181768,47.692129],[12.178564,47.697658],[12.1766,47.705823],[12.192413,47.710164],[12.216494,47.723703],[12.225176,47.727372],[12.239749,47.731687],[12.242229,47.732023],[12.239128,47.72745],[12.236545,47.716778],[12.233031,47.708872],[12.226623,47.702878],[12.223315,47.695901],[12.228793,47.684868],[12.238715,47.6789],[12.249567,47.680011],[12.271891,47.687891],[12.293699,47.69001],[12.351473,47.68169],[12.368423,47.683551],[12.407697,47.693731],[12.42413,47.69156],[12.428781,47.685798],[12.43922,47.664482],[12.444697,47.656291],[12.452759,47.649754],[12.482524,47.633579],[12.49658,47.628903],[12.517148,47.628541],[12.538232,47.631331],[12.553838,47.636008],[12.563375,47.641761],[12.598383,47.66288],[12.6174,47.669339],[12.653057,47.675127],[12.688713,47.675127],[12.744834,47.66536],[12.761991,47.666859],[12.751655,47.649392],[12.767365,47.63637],[12.793307,47.624794],[12.81315,47.611824],[12.785865,47.602677],[12.773669,47.5795],[12.77894,47.554825],[12.803642,47.541337],[12.819041,47.539528],[12.828446,47.537255],[12.836921,47.532655],[12.882603,47.498575],[12.931593,47.473512],[12.942548,47.470489],[12.951023,47.472478],[12.959291,47.475527],[12.96973,47.475734],[12.979342,47.472246],[12.984923,47.468267],[12.991124,47.465683],[13.001873,47.466019],[13.008797,47.470101],[13.037323,47.493045],[13.037013,47.501365],[13.034429,47.507437],[13.031225,47.512553],[13.028951,47.518031],[13.028124,47.524232],[13.028124,47.541647],[13.030605,47.544257],[13.040113,47.560457],[13.04125,47.561904],[13.03908,47.561336],[13.038253,47.584022],[13.04094,47.58335],[13.057063,47.597664],[13.057683,47.600429],[13.069569,47.620247],[13.072049,47.622417],[13.07422,47.63451],[13.07484,47.646654],[13.072049,47.659469],[13.064091,47.67399],[13.044557,47.696573],[13.032258,47.706624],[13.019856,47.712929],[13.004353,47.714608],[12.979032,47.707089],[12.964045,47.705358],[12.908338,47.71236],[12.892009,47.723548],[12.910612,47.742927],[12.910819,47.743082],[12.917227,47.750161],[12.918984,47.756776],[12.919294,47.763184],[12.921257,47.76954],[12.926735,47.777395],[12.991227,47.847106],[12.986576,47.850259],[12.964976,47.871963],[12.931076,47.924879],[12.914229,47.93599],[12.906168,47.93891],[12.886014,47.952888],[12.862036,47.962552],[12.853975,47.970484],[12.8486,47.980948],[12.848246,47.982389],[12.845603,47.993144],[12.830617,48.015468],[12.760234,48.064871],[12.750932,48.074741],[12.742043,48.086782],[12.736979,48.099959],[12.738943,48.113447],[12.745041,48.12063],[12.751449,48.122103],[12.75796,48.121896],[12.764058,48.123756],[12.77832,48.138717],[12.782351,48.142024],[12.822142,48.160679],[12.835164,48.170704],[12.853458,48.18998],[12.862553,48.196646],[12.877642,48.202046],[12.93304,48.209255],[12.931696,48.211632],[12.947199,48.220004],[12.979445,48.232018],[13.016652,48.255893],[13.032775,48.263567],[13.136438,48.291059],[13.274207,48.307104],[13.307797,48.319636],[13.405569,48.376583],[13.419522,48.392164],[13.425206,48.413377],[13.42717,48.418544],[13.431717,48.423712],[13.436161,48.430585],[13.438228,48.440998],[13.436368,48.469239],[13.438228,48.478541],[13.442983,48.487713],[13.456418,48.506653],[13.459209,48.516394],[13.457039,48.525179],[13.447737,48.534816],[13.443706,48.552851],[13.440709,48.557347],[13.440089,48.560965],[13.445566,48.567915],[13.454558,48.573445],[13.487218,48.581584],[13.520704,48.584581],[13.624367,48.565357],[13.641834,48.559104],[13.65806,48.551094],[13.673356,48.535488],[13.714336,48.523215],[13.716506,48.521691],[13.725394,48.548381],[13.733869,48.559776],[13.73728,48.559259],[13.758054,48.561481],[13.766012,48.563755],[13.77428,48.569207],[13.779034,48.573935],[13.796191,48.598585],[13.802392,48.611711],[13.805493,48.626129],[13.806216,48.642923],[13.800945,48.675221],[13.803529,48.687159],[13.816862,48.695582],[13.804356,48.699561],[13.799395,48.70261],[13.78875,48.716511],[13.783582,48.71527],[13.785856,48.724779],[13.815725,48.76643],[13.855929,48.759299],[13.874946,48.752426],[13.893136,48.743021],[13.915047,48.73098],[13.98233,48.706485],[13.991115,48.700181],[14.007754,48.683283],[14.014162,48.675066],[14.019227,48.671914],[14.026151,48.670054],[14.032146,48.667263],[14.034729,48.661165],[14.032869,48.654912],[14.028322,48.653982],[14.023464,48.654602],[14.020467,48.653155],[14.013749,48.643802],[14.008064,48.642407],[14.006204,48.639513],[14.010855,48.62587],[14.015196,48.620393],[14.032456,48.60613],[14.040827,48.601169],[14.07483,48.591712],[14.216527,48.58117],[14.315746,48.557916],[14.325358,48.558639],[14.333213,48.560706],[14.353366,48.571429],[14.405353,48.586286],[14.421166,48.597061],[14.443593,48.636516],[14.458166,48.643182],[14.482144,48.624475],[14.522038,48.610626],[14.53382,48.608714],[14.548807,48.610936],[14.578779,48.620496],[14.594179,48.621323],[14.600586,48.617576],[14.601827,48.611194],[14.60193,48.604528],[14.605134,48.600316],[14.612885,48.599748],[14.628182,48.603288],[14.634693,48.602332],[14.645442,48.592901],[14.651333,48.583496],[14.659187,48.576959],[14.675621,48.576235],[14.69114,48.586535],[14.695671,48.589542],[14.700735,48.615535],[14.700219,48.646102],[14.703836,48.673103],[14.722749,48.693411],[14.775356,48.724004],[14.78042,48.743124],[14.790446,48.754855],[14.794476,48.766999],[14.800367,48.776507],[14.815457,48.780331],[14.86765,48.775577],[14.919327,48.761573],[14.939584,48.762813],[14.951056,48.780331],[14.948886,48.78214],[14.944441,48.788599],[14.940101,48.796506],[14.938137,48.80281],[14.93979,48.809787],[14.947025,48.822396],[14.968213,48.885028],[14.968316,48.912674],[14.964182,48.943267],[14.964595,48.971741],[14.978238,48.992825],[14.977308,48.998251],[14.977308,49.002902],[14.978858,49.00626],[14.982062,49.007914],[15.003973,49.009774],[15.059576,48.997217],[15.137401,48.993031],[15.144739,48.978924],[15.148977,48.965333],[15.148563,48.951742],[15.141949,48.937479],[15.161792,48.937221],[15.238067,48.95076],[15.243234,48.95293],[15.257084,48.963886],[15.260391,48.969157],[15.262872,48.982593],[15.266902,48.986675],[15.27455,48.986727],[15.279615,48.982593],[15.283749,48.977632],[15.28871,48.975358],[15.335529,48.974996],[15.357853,48.97081],[15.405912,48.954687],[15.450354,48.944817],[15.471851,48.936704],[15.521254,48.908489],[15.544187,48.902612],[15.603729,48.887353],[15.681347,48.858466],[15.703775,48.854952],[15.726823,48.854952],[15.743669,48.858466],[15.779222,48.870868],[15.787904,48.872263],[15.818497,48.872315],[15.824284,48.869421],[15.828315,48.857122],[15.833276,48.852006],[15.840097,48.850094],[15.859218,48.849164],[15.870173,48.843893],[15.877614,48.841671],[15.885986,48.842033],[15.875754,48.833093],[15.888363,48.835056],[15.899629,48.834746],[15.90707,48.830251],[15.908103,48.819709],[15.925053,48.822602],[15.930324,48.818313],[15.930324,48.811389],[15.931771,48.806428],[16.032334,48.758059],[16.085354,48.742866],[16.177751,48.746535],[16.317588,48.73284],[16.318724,48.733512],[16.339498,48.735579],[16.352727,48.728448],[16.358309,48.727259],[16.374018,48.730308],[16.384974,48.737078],[16.43572,48.794542],[16.453083,48.80219],[16.481919,48.7994],[16.492254,48.79971],[16.510341,48.804774],[16.519539,48.805601],[16.528737,48.803534],[16.545791,48.796299],[16.605529,48.784827],[16.624029,48.78338],[16.643149,48.778264],[16.651004,48.766223],[16.654725,48.751857],[16.661959,48.740023],[16.675085,48.733926],[16.691001,48.732065],[16.729035,48.733099],[16.744332,48.729637],[16.780505,48.713772],[16.798902,48.709224],[16.818125,48.710775],[16.856573,48.719818],[16.873006,48.718991],[16.896674,48.696977],[16.910523,48.63078],[16.945043,48.604166]]]}},{"type":"Feature","properties":{"name":"Switzerland","ISO3166-1-Alpha-3":"CHE","ISO3166-1-Alpha-2":"CH"},"geometry":{"type":"Polygon","coordinates":[[[10.453811,46.864427],[10.44854,46.832233],[10.444923,46.823241],[10.439032,46.816885],[10.417224,46.79885],[10.419085,46.783967],[10.426216,46.76942],[10.428696,46.755648],[10.416604,46.743014],[10.399654,46.735546],[10.395623,46.7264],[10.396554,46.715005],[10.394383,46.70082],[10.384771,46.689012],[10.373919,46.681906],[10.369165,46.672398],[10.377537,46.653277],[10.395623,46.638808],[10.438205,46.635656],[10.459082,46.623564],[10.466627,46.604288],[10.465903,46.578476],[10.457945,46.553697],[10.451833,46.546702],[10.443993,46.537729],[10.425906,46.535326],[10.354282,46.548323],[10.319452,46.546049],[10.306637,46.547496],[10.295371,46.551087],[10.289067,46.555687],[10.283796,46.560725],[10.275941,46.565531],[10.234703,46.575298],[10.230259,46.58615],[10.235737,46.606691],[10.233773,46.617982],[10.217856,46.626974],[10.192122,46.626819],[10.09745,46.608035],[10.087839,46.604392],[10.083498,46.597002],[10.071199,46.564394],[10.062931,46.556746],[10.04133,46.541863],[10.032752,46.532975],[10.031408,46.525792],[10.031201,46.503829],[10.02686,46.493184],[10.028101,46.483934],[10.030478,46.476673],[10.035335,46.471066],[10.044017,46.466984],[10.026344,46.446262],[10.042053,46.432722],[10.071405,46.424816],[10.116157,46.418822],[10.133417,46.414016],[10.140755,46.402905],[10.13321,46.381098],[10.125976,46.37438],[10.104995,46.361357],[10.09745,46.351642],[10.092386,46.338103],[10.091766,46.328956],[10.095797,46.320533],[10.104892,46.309371],[10.14613,46.280277],[10.158945,46.262449],[10.14582,46.243328],[10.117914,46.231133],[10.075746,46.220022],[10.042673,46.220487],[10.041847,46.24307],[10.031718,46.260072],[9.992237,46.284359],[9.977561,46.298105],[9.97105,46.320016],[9.970636,46.339808],[9.964022,46.356086],[9.93901,46.367455],[9.918443,46.37115],[9.899013,46.372158],[9.855398,46.366964],[9.788839,46.343296],[9.768065,46.33862],[9.755249,46.340532],[9.730858,46.350712],[9.720109,46.350893],[9.709257,46.342392],[9.707293,46.330972],[9.708844,46.319629],[9.70843,46.311748],[9.693134,46.297072],[9.674324,46.291801],[9.559705,46.292731],[9.536451,46.298622],[9.515264,46.308596],[9.502551,46.32074],[9.482604,46.35681],[9.473716,46.361874],[9.451598,46.370375],[9.444364,46.375284],[9.4424,46.380891],[9.443847,46.396136],[9.437852,46.492047],[9.434648,46.498326],[9.426794,46.497111],[9.410671,46.488895],[9.403849,46.482513],[9.400335,46.475407],[9.395478,46.469413],[9.384626,46.466416],[9.377081,46.468689],[9.351553,46.485484],[9.350829,46.497861],[9.330986,46.501504],[9.282306,46.49737],[9.263186,46.485122],[9.245823,46.461041],[9.237968,46.436547],[9.24758,46.423033],[9.260912,46.416651],[9.262876,46.406626],[9.260292,46.394017],[9.260396,46.379728],[9.273831,46.344252],[9.275175,46.331385],[9.268974,46.309371],[9.239725,46.266996],[9.224842,46.231184],[9.215747,46.221056],[9.204172,46.213563],[9.192183,46.209635],[9.181331,46.204054],[9.17575,46.194132],[9.171099,46.182609],[9.163788,46.172989],[9.163244,46.172273],[9.090587,46.138167],[9.072087,46.118892],[9.068159,46.105972],[9.07033,46.083441],[9.067126,46.071142],[9.059168,46.061789],[9.049659,46.057913],[9.027748,46.053107],[9.002117,46.03931],[8.997776,46.027941],[9.015553,45.993111],[8.982686,45.971975],[8.980516,45.969495],[8.979793,45.966911],[8.980516,45.964379],[8.982686,45.961847],[8.993435,45.95425],[9.001703,45.93606],[9.010798,45.926655],[9.020514,45.922779],[9.042321,45.919731],[9.051726,45.915545],[9.063095,45.898957],[9.059271,45.881955],[9.034363,45.848107],[9.002427,45.820718],[8.972351,45.824646],[8.939588,45.834826],[8.900004,45.826403],[8.903725,45.841802],[8.909719,45.853688],[8.91375,45.86609],[8.912096,45.883402],[8.906515,45.896476],[8.898144,45.90955],[8.88078,45.931099],[8.870962,45.947067],[8.864451,45.953424],[8.857733,45.957093],[8.800372,45.978538],[8.785076,45.982311],[8.767919,45.983086],[8.769573,45.985773],[8.773397,45.990579],[8.790967,46.018691],[8.819596,46.042927],[8.834375,46.066388],[8.80895,46.089746],[8.793861,46.093415],[8.763165,46.092898],[8.747145,46.094449],[8.739497,46.098066],[8.732159,46.107419],[8.728983,46.108233],[8.723891,46.109538],[8.71769,46.107523],[8.702187,46.097963],[8.695055,46.095172],[8.677485,46.095792],[8.630873,46.114706],[8.611546,46.119357],[8.601831,46.122819],[8.538682,46.187621],[8.51026,46.207878],[8.482665,46.217542],[8.456517,46.224828],[8.43812,46.23537],[8.427165,46.251442],[8.423237,46.275833],[8.426648,46.301568],[8.442874,46.353373],[8.446285,46.382183],[8.445768,46.412362],[8.441634,46.434945],[8.427888,46.44869],[8.399156,46.452179],[8.385907,46.450206],[8.343449,46.443885],[8.316267,46.433653],[8.294976,46.418046],[8.286605,46.40536],[8.290429,46.401122],[8.297043,46.397634],[8.297457,46.387506],[8.291462,46.378359],[8.281541,46.370116],[8.270068,46.364044],[8.24175,46.354123],[8.192554,46.309164],[8.171883,46.299191],[8.128475,46.292473],[8.106874,46.285548],[8.087341,46.271802],[8.077315,46.262035],[8.073078,46.253612],[8.076592,46.249736],[8.09995,46.235629],[8.129509,46.196044],[8.132299,46.159354],[8.110595,46.126953],[8.066877,46.100598],[8.056025,46.098066],[8.035354,46.096516],[8.025329,46.091141],[8.018197,46.080858],[8.016027,46.069385],[8.015924,46.058172],[8.010653,46.029698],[8.008792,46.027683],[7.999077,46.0128],[7.998354,46.010629],[7.985848,45.999312],[7.978717,45.995178],[7.969105,45.993111],[7.898205,45.981949],[7.883782,45.973869],[7.872917,45.959383],[7.870201,45.94037],[7.84962,45.939712],[7.848389,45.938076],[7.845288,45.927792],[7.846115,45.922573],[7.843738,45.919214],[7.831232,45.91446],[7.825444,45.914666],[7.807564,45.91849],[7.780072,45.918129],[7.732013,45.930376],[7.722195,45.929601],[7.71465,45.92712],[7.706279,45.925725],[7.69398,45.928671],[7.692533,45.931203],[7.673722,45.950323],[7.658736,45.960038],[7.643027,45.966343],[7.541121,45.984119],[7.524377,45.978073],[7.514662,45.966704],[7.503707,45.956731],[7.482726,45.954871],[7.452961,45.945879],[7.393843,45.9157],[7.361803,45.907845],[7.286666,45.913426],[7.27354,45.910274],[7.245428,45.89813],[7.183726,45.880456],[7.153547,45.876529],[7.120888,45.876116],[7.090192,45.880508],[7.066938,45.890223],[7.022083,45.92526],[7.015158,45.933321],[7.009784,45.943398],[7.002756,45.961692],[6.991283,45.982466],[6.987666,45.993111],[6.982808,45.995385],[6.915112,46.048612],[6.892375,46.055588],[6.884003,46.053211],[6.876872,46.048095],[6.869224,46.044064],[6.859715,46.044994],[6.85093,46.049645],[6.85031,46.052746],[6.852377,46.056931],[6.851964,46.064683],[6.853411,46.065665],[6.853101,46.076103],[6.851344,46.086025],[6.848553,46.085043],[6.853101,46.090211],[6.861162,46.097032],[6.86819,46.10468],[6.869224,46.112329],[6.853927,46.122612],[6.774346,46.134808],[6.765664,46.151603],[6.774863,46.185864],[6.792226,46.221676],[6.827676,46.269477],[6.804938,46.296607],[6.769488,46.322678],[6.750368,46.345518],[6.755742,46.357068],[6.782097,46.378462],[6.789229,46.395205],[6.788107,46.405008],[6.787058,46.414171],[6.777716,46.424106],[6.762667,46.42926],[6.613684,46.455899],[6.547021,46.457372],[6.482942,46.448587],[6.397676,46.408176],[6.365223,46.40244],[6.332357,46.401381],[6.301558,46.394482],[6.269105,46.375026],[6.24058,46.348955],[6.219496,46.329111],[6.214122,46.315469],[6.218256,46.305495],[6.227454,46.288494],[6.227971,46.284463],[6.237583,46.267926],[6.24182,46.263689],[6.252259,46.259916],[6.269002,46.265239],[6.27603,46.26312],[6.281198,46.240073],[6.255359,46.221107],[6.191384,46.191704],[6.140328,46.150207],[6.107875,46.138632],[6.073872,46.149174],[6.028293,46.147934],[5.982921,46.140441],[5.95884,46.130467],[5.972172,46.152171],[5.979821,46.162248],[5.982921,46.170826],[5.965248,46.186226],[5.954809,46.19992],[5.95853,46.211961],[5.982921,46.222709],[6.042866,46.24307],[6.044519,46.243432],[6.046173,46.243535],[6.048033,46.243432],[6.055888,46.241675],[6.061883,46.241158],[6.067671,46.241623],[6.089685,46.246377],[6.094026,46.253044],[6.093095,46.262294],[6.093612,46.273094],[6.100743,46.301413],[6.104051,46.309216],[6.118607,46.331771],[6.1364,46.359342],[6.135057,46.370401],[6.122861,46.385542],[6.108185,46.396497],[6.059019,46.417383],[6.054235,46.419416],[6.065707,46.427012],[6.067567,46.433601],[6.0655,46.440371],[6.0655,46.447993],[6.064777,46.451068],[6.0624,46.455202],[6.060229,46.459904],[6.060229,46.46502],[6.064157,46.471118],[6.075525,46.479593],[6.110355,46.520831],[6.145702,46.55163],[6.121517,46.570285],[6.118417,46.583463],[6.131853,46.595607],[6.266315,46.680356],[6.337938,46.707409],[6.34786,46.71317],[6.374215,46.733609],[6.407391,46.745701],[6.417933,46.751101],[6.429199,46.760816],[6.433023,46.76911],[6.432609,46.785983],[6.425168,46.791615],[6.419897,46.796525],[6.417107,46.802157],[6.418554,46.807015],[6.434263,46.839545],[6.441188,46.848149],[6.443118,46.851455],[6.446769,46.857709],[6.448422,46.871559],[6.445219,46.882617],[6.431886,46.900032],[6.427752,46.909076],[6.442635,46.944164],[6.491107,46.963388],[6.598698,46.986539],[6.665412,47.021291],[6.688253,47.043848],[6.676264,47.0624],[6.6897,47.07829],[6.699105,47.084621],[6.72422,47.09077],[6.72794,47.097126],[6.731661,47.098883],[6.746027,47.103948],[6.744787,47.121053],[6.774759,47.128184],[6.838076,47.168132],[6.840285,47.169525],[6.859302,47.190919],[6.888344,47.211305],[6.956247,47.245231],[6.952216,47.270036],[6.958624,47.290551],[6.977434,47.303729],[6.986529,47.304504],[6.991904,47.305951],[7.006476,47.319361],[7.016915,47.323521],[7.027147,47.325433],[7.036552,47.329515],[7.044303,47.340497],[7.033865,47.350651],[7.018879,47.359901],[7.003996,47.368143],[6.985599,47.362123],[6.86664,47.354165],[6.871601,47.366955],[6.884003,47.382587],[6.898783,47.395713],[6.924517,47.405996],[6.926068,47.424858],[6.952319,47.428837],[6.968546,47.435194],[6.983429,47.443798],[6.990973,47.452221],[6.986116,47.464132],[6.97578,47.477956],[6.9733,47.489092],[6.991904,47.492942],[7.000792,47.49767],[7.009784,47.499247],[7.018879,47.49767],[7.027974,47.492942],[7.053915,47.490384],[7.103731,47.496275],[7.127296,47.492942],[7.140318,47.487852],[7.142169,47.487651],[7.153651,47.486405],[7.180833,47.488265],[7.162642,47.459895],[7.168327,47.443565],[7.190031,47.434728],[7.219383,47.428476],[7.223517,47.426228],[7.226308,47.422636],[7.230339,47.419019],[7.23809,47.416797],[7.244808,47.417727],[7.282635,47.428889],[7.309093,47.432661],[7.33693,47.431854],[7.378547,47.430646],[7.388219,47.433289],[7.406349,47.438242],[7.420563,47.450857],[7.426089,47.455761],[7.429293,47.465114],[7.427639,47.470747],[7.422782,47.475424],[7.419474,47.477852],[7.41441,47.484028],[7.414307,47.490177],[7.425986,47.492503],[7.441488,47.488834],[7.445996,47.486884],[7.454511,47.483201],[7.46743,47.481909],[7.482726,47.491263],[7.484483,47.492942],[7.485827,47.495784],[7.48593,47.498394],[7.485776,47.498768],[7.484897,47.5009],[7.477765,47.507696],[7.475595,47.511726],[7.476939,47.514879],[7.482726,47.516997],[7.493062,47.515499],[7.501123,47.517307],[7.505464,47.523018],[7.505154,47.533017],[7.501743,47.532965],[7.485103,47.541595],[7.482726,47.542267],[7.520867,47.563416],[7.526341,47.566452],[7.550319,47.575495],[7.585483,47.584479],[7.586028,47.584619],[7.637032,47.594977],[7.659666,47.596579],[7.646541,47.571542],[7.635895,47.564591],[7.612337,47.564731],[7.609747,47.564746],[7.646901,47.551445],[7.661423,47.546246],[7.683438,47.544257],[7.72732,47.550423],[7.76674,47.555961],[7.78555,47.563196],[7.801467,47.576089],[7.819657,47.595339],[7.833713,47.590481],[7.898205,47.587846],[7.904303,47.583557],[7.907507,47.574177],[7.90947,47.564798],[7.912157,47.560561],[8.042279,47.560561],[8.087237,47.567382],[8.096952,47.571852],[8.101397,47.576193],[8.105427,47.581257],[8.113902,47.587846],[8.122067,47.592135],[8.143771,47.600067],[8.162065,47.603762],[8.168886,47.608646],[8.173847,47.613529],[8.179015,47.615803],[8.232965,47.621952],[8.251051,47.622004],[8.276993,47.61663],[8.288569,47.615803],[8.293943,47.611462],[8.299317,47.601824],[8.306345,47.592187],[8.316164,47.587846],[8.354094,47.581024],[8.41807,47.580766],[8.4211,47.581112],[8.448869,47.58428],[8.450109,47.589034],[8.461788,47.606139],[8.49238,47.619833],[8.522353,47.621901],[8.537752,47.612134],[8.549638,47.598594],[8.551719,47.596863],[8.560697,47.589396],[8.574133,47.592445],[8.576305,47.595023],[8.580644,47.600171],[8.581781,47.607664],[8.581264,47.614769],[8.582504,47.62159],[8.582091,47.625027],[8.579714,47.628929],[8.57806,47.633476],[8.580334,47.639005],[8.583951,47.641124],[8.589222,47.642468],[8.593563,47.642571],[8.594493,47.640969],[8.595113,47.63482],[8.601624,47.632598],[8.607309,47.656291],[8.598214,47.656885],[8.593589,47.658169],[8.582194,47.66133],[8.568241,47.662932],[8.519666,47.657351],[8.504679,47.65226],[8.49083,47.645568],[8.476051,47.640401],[8.458274,47.639884],[8.437603,47.647842],[8.411972,47.661045],[8.407011,47.661562],[8.391301,47.665464],[8.397709,47.67629],[8.395229,47.684817],[8.390991,47.692129],[8.392128,47.699519],[8.401947,47.707089],[8.427268,47.716468],[8.437913,47.723186],[8.445458,47.743185],[8.450109,47.750471],[8.463648,47.763907],[8.471503,47.76706],[8.482665,47.766853],[8.536512,47.774088],[8.551602,47.779255],[8.5423,47.795017],[8.558216,47.801166],[8.583124,47.800236],[8.601624,47.794603],[8.603175,47.787317],[8.604105,47.774398],[8.607619,47.762254],[8.617437,47.757319],[8.62984,47.762796],[8.635007,47.784604],[8.644102,47.791012],[8.657022,47.788118],[8.666633,47.778273],[8.674488,47.766698],[8.68193,47.75874],[8.692265,47.757164],[8.703324,47.758714],[8.713142,47.757422],[8.719757,47.747319],[8.71707,47.743547],[8.703737,47.730033],[8.70043,47.723496],[8.704667,47.715332],[8.712625,47.708691],[8.715106,47.701069],[8.71707,47.694558],[8.769883,47.695074],[8.761718,47.70125],[8.77071,47.720861],[8.797581,47.720034],[8.830241,47.707192],[8.856079,47.690682],[8.837682,47.687788],[8.837786,47.680838],[8.851935,47.671282],[8.852668,47.670786],[8.881711,47.656136],[8.906205,47.651795],[8.945376,47.654302],[8.981756,47.662156],[8.997673,47.673835],[9.016586,47.6789],[9.128104,47.670425],[9.183398,47.670425],[9.196937,47.656136],[9.234351,47.656162],[9.273211,47.65009],[9.547482,47.534547],[9.553059,47.516891],[9.554951,47.5109],[9.58451,47.480721],[9.621717,47.469197],[9.650346,47.452092],[9.649519,47.409717],[9.639804,47.394524],[9.601047,47.36127],[9.596396,47.352305],[9.591228,47.334683],[9.587404,47.32781],[9.553298,47.299853],[9.521155,47.262801],[9.504618,47.243732],[9.487358,47.210014],[9.484981,47.176346],[9.492629,47.15981],[9.503481,47.145392],[9.511853,47.129372],[9.51237,47.10803],[9.502861,47.094698],[9.487565,47.083949],[9.475886,47.073226],[9.477023,47.063898],[9.499554,47.059351],[9.560636,47.0524],[9.581203,47.05687],[9.59991,47.053486],[9.65231,47.05793],[9.669053,47.056199],[9.857982,47.015478],[9.856328,47.004083],[9.860566,47.001602],[9.866767,47.001938],[9.870591,46.998838],[9.870591,46.992947],[9.866457,46.983387],[9.863976,46.959925],[9.860772,46.949151],[9.862426,46.939772],[9.875138,46.927421],[9.899943,46.914398],[10.006913,46.890757],[10.045567,46.865564],[10.068098,46.856624],[10.1113,46.847116],[10.125188,46.846751],[10.13197,46.846573],[10.157808,46.851612],[10.201423,46.86683],[10.211655,46.877036],[10.214342,46.884685],[10.215169,46.893108],[10.219924,46.905769],[10.235116,46.923313],[10.251343,46.92538],[10.270773,46.921892],[10.295681,46.922693],[10.296198,46.941374],[10.313665,46.964318],[10.338883,46.98411],[10.367925,46.995505],[10.373403,46.996254],[10.378984,46.995505],[10.384255,46.993153],[10.384358,46.993153],[10.384358,46.992998],[10.394693,46.985402],[10.415571,46.962406],[10.449574,46.943906],[10.458462,46.936619],[10.463836,46.919747],[10.451434,46.88577],[10.453811,46.864427]]]}}]}